[
  {     "id": 626064,     "name": "Lyozna",     "country": "BY",     "coord": {       "lon": 30.795561,       "lat": 55.02486     }   },
  {     "id": 627962,     "name": "Guraki",     "country": "BY",     "coord": {       "lon": 30.883612,       "lat": 54.572777     }   },
  {     "id": 619258,     "name": "Zalozy",     "country": "BY",     "coord": {       "lon": 25.583332,       "lat": 53.333332     }   },
  {     "id": 624784,     "name": "Navapolatsk",     "country": "BY",     "coord": {       "lon": 28.642441,       "lat": 55.536282     }   },
  {     "id": 629454,     "name": "Byaroza",     "country": "BY",     "coord": {       "lon": 24.9786,       "lat": 52.531399     }   },
  {     "id": 630429,     "name": "Baranavichy",     "country": "BY",     "coord": {       "lon": 26.013901,       "lat": 53.132702     }   },
  {     "id": 8020218,     "name": "Malinovka",     "country": "BY",     "coord": {       "lon": 27.437401,       "lat": 53.857899     }   },
  {     "id": 627318,     "name": "Navinki",     "country": "BY",     "coord": {       "lon": 27.549999,       "lat": 53.933334     }   },
  {     "id": 625144,     "name": "Minsk",     "country": "BY",     "coord": {       "lon": 27.566668,       "lat": 53.900002     }   },
  {     "id": 625504,     "name": "Malyavshchina",     "country": "BY",     "coord": {       "lon": 27.6,       "lat": 53.916668     }   },
  {     "id": 627332,     "name": "Khutor Apolinarovo",     "country": "BY",     "coord": {       "lon": 27.533333,       "lat": 53.950001     }   },
  {     "id": 619034,     "name": "Zatsen’",     "country": "BY",     "coord": {       "lon": 27.5,       "lat": 53.966667     }   },
  {     "id": 628816,     "name": "Dubovlyany",     "country": "BY",     "coord": {       "lon": 27.549999,       "lat": 54     }   },
  {     "id": 623802,     "name": "Papernya",     "country": "BY",     "coord": {       "lon": 27.566668,       "lat": 54.033333     }   },
  {     "id": 624147,     "name": "Ol’shëvo",     "country": "BY",     "coord": {       "lon": 27.516666,       "lat": 53.916668     }   },
  {     "id": 629752,     "name": "Baravaya",     "country": "BY",     "coord": {       "lon": 27.466667,       "lat": 53.950001     }   },
  {     "id": 626462,     "name": "Kruptsy",     "country": "BY",     "coord": {       "lon": 27.5,       "lat": 53.933334     }   },
  {     "id": 622069,     "name": "Sheypichi",     "country": "BY",     "coord": {       "lon": 27.583332,       "lat": 53.866669     }   },
  {     "id": 621275,     "name": "Stolovaya",     "country": "BY",     "coord": {       "lon": 27.566668,       "lat": 53.866669     }   },
  {     "id": 621667,     "name": "Sokolyanka",     "country": "BY",     "coord": {       "lon": 27.583332,       "lat": 53.866669     }   },
  {     "id": 626861,     "name": "Korzyuki",     "country": "BY",     "coord": {       "lon": 27.6,       "lat": 53.833332     }   },
  {     "id": 628684,     "name": "Dvorishche",     "country": "BY",     "coord": {       "lon": 27.6,       "lat": 53.849998     }   },
  {     "id": 630202,     "name": "Berezinka",     "country": "BY",     "coord": {       "lon": 28.016666,       "lat": 53.016666     }   },
  {     "id": 619955,     "name": "Vostochnyy",     "country": "BY",     "coord": {       "lon": 27.583332,       "lat": 53.916668     }   },
  {     "id": 623869,     "name": "Ozerishche",     "country": "BY",     "coord": {       "lon": 27.700001,       "lat": 53.933334     }   },
  {     "id": 629962,     "name": "Slepnya",     "country": "BY",     "coord": {       "lon": 27.65,       "lat": 53.933334     }   },
  {     "id": 620453,     "name": "Valer’yanovo",     "country": "BY",     "coord": {       "lon": 27.666668,       "lat": 53.966667     }   },
  {     "id": 620553,     "name": "Uruch’ye",     "country": "BY",     "coord": {       "lon": 27.683332,       "lat": 53.950001     }   },
  {     "id": 626895,     "name": "Korolev Stan",     "country": "BY",     "coord": {       "lon": 27.799999,       "lat": 53.983334     }   },
  {     "id": 621817,     "name": "Slabada",     "country": "BY",     "coord": {       "lon": 27.883333,       "lat": 54.016666     }   },
  {     "id": 629847,     "name": "Bol’shoye Zaluzh’ye",     "country": "BY",     "coord": {       "lon": 27.950001,       "lat": 54.033333     }   },
  {     "id": 629056,     "name": "Dinarovka",     "country": "BY",     "coord": {       "lon": 27.966667,       "lat": 54.033333     }   },
  {     "id": 624538,     "name": "Novaya Zhizn’",     "country": "BY",     "coord": {       "lon": 28.049999,       "lat": 54.033333     }   },
  {     "id": 625142,     "name": "Minskaya Voblasts’",     "country": "BY",     "coord": {       "lon": 28,       "lat": 54     }   },
  {     "id": 619822,     "name": "Vysokiye Lyady",     "country": "BY",     "coord": {       "lon": 28.200001,       "lat": 54.066666     }   },
  {     "id": 621159,     "name": "Sukhaya Grad’",     "country": "BY",     "coord": {       "lon": 28.299999,       "lat": 54.083332     }   },
  {     "id": 623678,     "name": "Peresady",     "country": "BY",     "coord": {       "lon": 28.416668,       "lat": 54.133331     }   },
  {     "id": 793277,     "name": "Pechi",     "country": "BY",     "coord": {       "lon": 28.466667,       "lat": 54.183334     }   },
  {     "id": 628051,     "name": "Griskovshchina",     "country": "BY",     "coord": {       "lon": 27.5,       "lat": 53.866669     }   },
  {     "id": 629553,     "name": "Budilovo",     "country": "BY",     "coord": {       "lon": 27.516666,       "lat": 53.883331     }   },
  {     "id": 620134,     "name": "Vitsyebskaya Voblasts’",     "country": "BY",     "coord": {       "lon": 29.5,       "lat": 55     }   },
  {     "id": 625777,     "name": "Lyady",     "country": "BY",     "coord": {       "lon": 31.172222,       "lat": 54.602779     }   },
  {     "id": 627445,     "name": "Kholbnya",     "country": "BY",     "coord": {       "lon": 31.1,       "lat": 54.599998     }   },
  {     "id": 813620,     "name": "Volevki",     "country": "BY",     "coord": {       "lon": 31.079445,       "lat": 54.622501     }   },
  {     "id": 813643,     "name": "Kalinovka",     "country": "BY",     "coord": {       "lon": 31.000278,       "lat": 54.597221     }   },
  {     "id": 622688,     "name": "Rostkovo",     "country": "BY",     "coord": {       "lon": 30.950001,       "lat": 54.599998     }   },
  {     "id": 626698,     "name": "Koz’yany",     "country": "BY",     "coord": {       "lon": 30.916668,       "lat": 54.599998     }   },
  {     "id": 626654,     "name": "Krasnaya Sloboda",     "country": "BY",     "coord": {       "lon": 30.836666,       "lat": 54.587776     }   },
  {     "id": 629858,     "name": "Bol’shoye Savino",     "country": "BY",     "coord": {       "lon": 30.783333,       "lat": 54.583332     }   },
  {     "id": 619594,     "name": "Yeremeyevshchina",     "country": "BY",     "coord": {       "lon": 30.766666,       "lat": 54.566666     }   },
  {     "id": 628758,     "name": "Dubrowna",     "country": "BY",     "coord": {       "lon": 30.690556,       "lat": 54.573334     }   },
  {     "id": 621255,     "name": "Strazhevo",     "country": "BY",     "coord": {       "lon": 30.6,       "lat": 54.566666     }   },
  {     "id": 626579,     "name": "Krasnyy Posëlok",     "country": "BY",     "coord": {       "lon": 30.583332,       "lat": 54.533333     }   },
  {     "id": 629625,     "name": "Brili",     "country": "BY",     "coord": {       "lon": 30.561111,       "lat": 54.523056     }   },
  {     "id": 626238,     "name": "Larinovka",     "country": "BY",     "coord": {       "lon": 30.483334,       "lat": 54.516666     }   },
  {     "id": 624079,     "name": "Orsha",     "country": "BY",     "coord": {       "lon": 30.405277,       "lat": 54.515278     }   },
  {     "id": 620955,     "name": "Tatarsk",     "country": "BY",     "coord": {       "lon": 30.333332,       "lat": 54.5     }   },
  {     "id": 630431,     "name": "Baran",     "country": "BY",     "coord": {       "lon": 30.318056,       "lat": 54.476391     }   },
  {     "id": 629272,     "name": "Cherven’",     "country": "BY",     "coord": {       "lon": 30.316668,       "lat": 54.466667     }   },
  {     "id": 625550,     "name": "Malinovka",     "country": "BY",     "coord": {       "lon": 30.35,       "lat": 54.433334     }   },
  {     "id": 626050,     "name": "Lipki",     "country": "BY",     "coord": {       "lon": 30.299999,       "lat": 54.400002     }   },
  {     "id": 625073,     "name": "Mahilyowskaya Voblasts’",     "country": "BY",     "coord": {       "lon": 30.75,       "lat": 54     }   },
  {     "id": 813247,     "name": "Maloye Zamosh’ye",     "country": "BY",     "coord": {       "lon": 30.309999,       "lat": 54.375278     }   },
  {     "id": 627490,     "name": "Khimy",     "country": "BY",     "coord": {       "lon": 30.266666,       "lat": 54.366669     }   },
  {     "id": 630630,     "name": "Aleksandriya",     "country": "BY",     "coord": {       "lon": 30.283333,       "lat": 54.333332     }   },
  {     "id": 625240,     "name": "Mezhniki",     "country": "BY",     "coord": {       "lon": 30.258333,       "lat": 54.311668     }   },
  {     "id": 621769,     "name": "Slobodka",     "country": "BY",     "coord": {       "lon": 30.250834,       "lat": 54.277222     }   },
  {     "id": 812490,     "name": "Nizovtsy",     "country": "BY",     "coord": {       "lon": 30.239721,       "lat": 54.25111     }   },
  {     "id": 619095,     "name": "Zarovtsy",     "country": "BY",     "coord": {       "lon": 30.245832,       "lat": 54.232498     }   },
  {     "id": 622034,     "name": "Shklow",     "country": "BY",     "coord": {       "lon": 30.291945,       "lat": 54.210835     }   },
  {     "id": 622455,     "name": "Ryzhkovichi",     "country": "BY",     "coord": {       "lon": 30.316668,       "lat": 54.183334     }   },
  {     "id": 812538,     "name": "Dan’kovichi",     "country": "BY",     "coord": {       "lon": 30.327499,       "lat": 54.173058     }   },
  {     "id": 626005,     "name": "Litovsk",     "country": "BY",     "coord": {       "lon": 30.316668,       "lat": 54.147221     }   },
  {     "id": 625642,     "name": "Makhovoye",     "country": "BY",     "coord": {       "lon": 30.299999,       "lat": 54.116669     }   },
  {     "id": 627664,     "name": "Kamennyye Lavy",     "country": "BY",     "coord": {       "lon": 30.301666,       "lat": 54.091667     }   },
  {     "id": 630391,     "name": "Barsuki",     "country": "BY",     "coord": {       "lon": 30.320278,       "lat": 54.055557     }   },
  {     "id": 626360,     "name": "Kupely",     "country": "BY",     "coord": {       "lon": 30.316668,       "lat": 54.033333     }   },
  {     "id": 816218,     "name": "Palykavichy Pyershyya",     "country": "BY",     "coord": {       "lon": 30.349167,       "lat": 53.993057     }   },
  {     "id": 618768,     "name": "Zhukovo",     "country": "BY",     "coord": {       "lon": 30.291389,       "lat": 53.985832     }   },
  {     "id": 816214,     "name": "Gay",     "country": "BY",     "coord": {       "lon": 30.298332,       "lat": 53.96389     }   },
  {     "id": 623255,     "name": "Polykovichi",     "country": "BY",     "coord": {       "lon": 30.335278,       "lat": 53.965832     }   },
  {     "id": 627631,     "name": "Karabanovka",     "country": "BY",     "coord": {       "lon": 30.364721,       "lat": 53.946388     }   },
  {     "id": 625665,     "name": "Mahilyow",     "country": "BY",     "coord": {       "lon": 30.33639,       "lat": 53.913891     }   },
  {     "id": 620853,     "name": "Tishovka",     "country": "BY",     "coord": {       "lon": 30.283333,       "lat": 53.883331     }   },
  {     "id": 629471,     "name": "Buynichy",     "country": "BY",     "coord": {       "lon": 30.263889,       "lat": 53.850555     }   },
  {     "id": 622341,     "name": "Selets",     "country": "BY",     "coord": {       "lon": 30.241112,       "lat": 53.826942     }   },
  {     "id": 626638,     "name": "Krasnitsa",     "country": "BY",     "coord": {       "lon": 30.184723,       "lat": 53.789165     }   },
  {     "id": 626633,     "name": "Krasnitsa Vtoraya",     "country": "BY",     "coord": {       "lon": 30.183332,       "lat": 53.783333     }   },
  {     "id": 625245,     "name": "Myazhysyatki",     "country": "BY",     "coord": {       "lon": 30.168056,       "lat": 53.770557     }   },
  {     "id": 815261,     "name": "Pushcha",     "country": "BY",     "coord": {       "lon": 30.128056,       "lat": 53.753056     }   },
  {     "id": 814948,     "name": "Podbrod’ye",     "country": "BY",     "coord": {       "lon": 30.098333,       "lat": 53.726112     }   },
  {     "id": 628776,     "name": "Dubrovka",     "country": "BY",     "coord": {       "lon": 30.083332,       "lat": 53.700001     }   },
  {     "id": 623228,     "name": "Poplavshchina",     "country": "BY",     "coord": {       "lon": 30.045834,       "lat": 53.691113     }   },
  {     "id": 814943,     "name": "Rudki",     "country": "BY",     "coord": {       "lon": 30.027222,       "lat": 53.676388     }   },
  {     "id": 628402,     "name": "Glukhaya Seliba",     "country": "BY",     "coord": {       "lon": 30.021944,       "lat": 53.659168     }   },
  {     "id": 621563,     "name": "Stakhovshchina",     "country": "BY",     "coord": {       "lon": 30.016666,       "lat": 53.639721     }   },
  {     "id": 628549,     "name": "Gal’kovka",     "country": "BY",     "coord": {       "lon": 30.010834,       "lat": 53.621113     }   },
  {     "id": 618716,     "name": "Zolotva",     "country": "BY",     "coord": {       "lon": 29.983334,       "lat": 53.599998     }   },
  {     "id": 619917,     "name": "Vsenezh’ye",     "country": "BY",     "coord": {       "lon": 29.916668,       "lat": 53.599998     }   },
  {     "id": 628756,     "name": "Dubrovo",     "country": "BY",     "coord": {       "lon": 29.9,       "lat": 53.583332     }   },
  {     "id": 628559,     "name": "Galeyevka",     "country": "BY",     "coord": {       "lon": 29.866667,       "lat": 53.533333     }   },
  {     "id": 629388,     "name": "Chechevichi",     "country": "BY",     "coord": {       "lon": 29.85,       "lat": 53.516666     }   },
  {     "id": 618965,     "name": "Zbyshin",     "country": "BY",     "coord": {       "lon": 29.766666,       "lat": 53.5     }   },
  {     "id": 629783,     "name": "Borki",     "country": "BY",     "coord": {       "lon": 29.700001,       "lat": 53.466667     }   },
  {     "id": 623641,     "name": "Perunovo",     "country": "BY",     "coord": {       "lon": 29.700001,       "lat": 53.400002     }   },
  {     "id": 624535,     "name": "Novgorodok",     "country": "BY",     "coord": {       "lon": 29.616667,       "lat": 53.349998     }   },
  {     "id": 627643,     "name": "Kaplanovka",     "country": "BY",     "coord": {       "lon": 29.583332,       "lat": 53.349998     }   },
  {     "id": 629736,     "name": "Borovitsa",     "country": "BY",     "coord": {       "lon": 29.566668,       "lat": 53.333332     }   },
  {     "id": 619803,     "name": "Vyzhary Vtoryye",     "country": "BY",     "coord": {       "lon": 29.533333,       "lat": 53.316666     }   },
  {     "id": 619805,     "name": "Vyzhary Pervyye",     "country": "BY",     "coord": {       "lon": 29.516666,       "lat": 53.316666     }   },
  {     "id": 627414,     "name": "Khomichi",     "country": "BY",     "coord": {       "lon": 29.483334,       "lat": 53.299999     }   },
  {     "id": 627272,     "name": "Kirawsk",     "country": "BY",     "coord": {       "lon": 29.473612,       "lat": 53.268612     }   },
  {     "id": 629516,     "name": "Bukino",     "country": "BY",     "coord": {       "lon": 29.450001,       "lat": 53.25     }   },
  {     "id": 620879,     "name": "Teykovichi",     "country": "BY",     "coord": {       "lon": 29.433332,       "lat": 53.216667     }   },
  {     "id": 628149,     "name": "Gorokhovka",     "country": "BY",     "coord": {       "lon": 29.4,       "lat": 53.183334     }   },
  {     "id": 619670,     "name": "Yasnyy Les",     "country": "BY",     "coord": {       "lon": 29.35,       "lat": 53.166668     }   },
  {     "id": 620851,     "name": "Titovka",     "country": "BY",     "coord": {       "lon": 29.299999,       "lat": 53.133331     }   },
  {     "id": 630468,     "name": "Babruysk",     "country": "BY",     "coord": {       "lon": 29.233334,       "lat": 53.150002     }   },
  {     "id": 627265,     "name": "Kiselevichi",     "country": "BY",     "coord": {       "lon": 29.15,       "lat": 53.150002     }   },
  {     "id": 621779,     "name": "Slabodka",     "country": "BY",     "coord": {       "lon": 29.116667,       "lat": 53.116669     }   },
  {     "id": 623466,     "name": "Pobokovichi",     "country": "BY",     "coord": {       "lon": 29.016666,       "lat": 53.133331     }   },
  {     "id": 630428,     "name": "Baranovichi",     "country": "BY",     "coord": {       "lon": 28.983334,       "lat": 53.166668     }   },
  {     "id": 623986,     "name": "Vosava",     "country": "BY",     "coord": {       "lon": 28.916668,       "lat": 53.166668     }   },
  {     "id": 621313,     "name": "Stefanopol’",     "country": "BY",     "coord": {       "lon": 28.85,       "lat": 53.150002     }   },
  {     "id": 620643,     "name": "Ubolot’ye",     "country": "BY",     "coord": {       "lon": 28.816668,       "lat": 53.166668     }   },
  {     "id": 626864,     "name": "Karytnaye",     "country": "BY",     "coord": {       "lon": 28.766666,       "lat": 53.166668     }   },
  {     "id": 621420,     "name": "Staroye Selo",     "country": "BY",     "coord": {       "lon": 28.716667,       "lat": 53.183334     }   },
  {     "id": 629785,     "name": "Borki",     "country": "BY",     "coord": {       "lon": 28.683332,       "lat": 53.233334     }   },
  {     "id": 626945,     "name": "Karany",     "country": "BY",     "coord": {       "lon": 28.683332,       "lat": 53.25     }   },
  {     "id": 624034,     "name": "Asipovichy",     "country": "BY",     "coord": {       "lon": 28.642221,       "lat": 53.293331     }   },
  {     "id": 623985,     "name": "Osovo",     "country": "BY",     "coord": {       "lon": 28.6,       "lat": 53.283333     }   },
  {     "id": 623227,     "name": "Poplavy",     "country": "BY",     "coord": {       "lon": 28.533333,       "lat": 53.266666     }   },
  {     "id": 623465,     "name": "Pobokovichi",     "country": "BY",     "coord": {       "lon": 28.5,       "lat": 53.25     }   },
  {     "id": 625234,     "name": "Myazovichy",     "country": "BY",     "coord": {       "lon": 28.416668,       "lat": 53.233334     }   },
  {     "id": 626986,     "name": "Kontsy",     "country": "BY",     "coord": {       "lon": 28.283333,       "lat": 53.216667     }   },
  {     "id": 628897,     "name": "Drychyn",     "country": "BY",     "coord": {       "lon": 28.233334,       "lat": 53.216667     }   },
  {     "id": 619536,     "name": "Yurevichi",     "country": "BY",     "coord": {       "lon": 28.216667,       "lat": 53.233334     }   },
  {     "id": 618816,     "name": "Zhitin",     "country": "BY",     "coord": {       "lon": 28.183332,       "lat": 53.25     }   },
  {     "id": 626095,     "name": "Lyawki",     "country": "BY",     "coord": {       "lon": 28.049999,       "lat": 53.200001     }   },
  {     "id": 622125,     "name": "Shchytkavichy",     "country": "BY",     "coord": {       "lon": 27.983334,       "lat": 53.216667     }   },
  {     "id": 626034,     "name": "Lipovka",     "country": "BY",     "coord": {       "lon": 27.950001,       "lat": 53.233334     }   },
  {     "id": 625298,     "name": "Medenoye",     "country": "BY",     "coord": {       "lon": 27.866667,       "lat": 53.233334     }   },
  {     "id": 630223,     "name": "Berazinets",     "country": "BY",     "coord": {       "lon": 27.75,       "lat": 53.216667     }   },
  {     "id": 623306,     "name": "Polikarovka",     "country": "BY",     "coord": {       "lon": 27.733334,       "lat": 53.216667     }   },
  {     "id": 623660,     "name": "Perevoloka",     "country": "BY",     "coord": {       "lon": 27.666668,       "lat": 53.233334     }   },
  {     "id": 619204,     "name": "Zamostsye",     "country": "BY",     "coord": {       "lon": 27.583332,       "lat": 53.200001     }   },
  {     "id": 622044,     "name": "Shyshchytsy",     "country": "BY",     "coord": {       "lon": 27.549999,       "lat": 53.216667     }   },
  {     "id": 620570,     "name": "Ul’yanovka",     "country": "BY",     "coord": {       "lon": 27.533333,       "lat": 53.200001     }   },
  {     "id": 628079,     "name": "Hresk",     "country": "BY",     "coord": {       "lon": 27.483334,       "lat": 53.166668     }   },
  {     "id": 628652,     "name": "Dyudevo",     "country": "BY",     "coord": {       "lon": 27.450001,       "lat": 53.133331     }   },
  {     "id": 618781,     "name": "Zhuki",     "country": "BY",     "coord": {       "lon": 27.4,       "lat": 53.150002     }   },
  {     "id": 626096,     "name": "Levinova",     "country": "BY",     "coord": {       "lon": 27.383333,       "lat": 53.150002     }   },
  {     "id": 628021,     "name": "Hrozava",     "country": "BY",     "coord": {       "lon": 27.333332,       "lat": 53.166668     }   },
  {     "id": 628213,     "name": "Gornostaylovo",     "country": "BY",     "coord": {       "lon": 27.299999,       "lat": 53.150002     }   },
  {     "id": 623921,     "name": "Ostrovok",     "country": "BY",     "coord": {       "lon": 27.25,       "lat": 53.150002     }   },
  {     "id": 624479,     "name": "Novosady",     "country": "BY",     "coord": {       "lon": 27.183332,       "lat": 53.150002     }   },
  {     "id": 621903,     "name": "Skabin",     "country": "BY",     "coord": {       "lon": 27.15,       "lat": 53.150002     }   },
  {     "id": 626956,     "name": "Kapyl",     "country": "BY",     "coord": {       "lon": 27.096666,       "lat": 53.153057     }   },
  {     "id": 624457,     "name": "Novosëlki",     "country": "BY",     "coord": {       "lon": 26.983334,       "lat": 53.200001     }   },
  {     "id": 623155,     "name": "Patsyeyki",     "country": "BY",     "coord": {       "lon": 26.966667,       "lat": 53.166668     }   },
  {     "id": 618890,     "name": "Zhaulki",     "country": "BY",     "coord": {       "lon": 26.916668,       "lat": 53.166668     }   },
  {     "id": 626418,     "name": "Kudinovichi",     "country": "BY",     "coord": {       "lon": 26.883333,       "lat": 53.183334     }   },
  {     "id": 621642,     "name": "Saltanawshchyna",     "country": "BY",     "coord": {       "lon": 26.816668,       "lat": 53.200001     }   },
  {     "id": 627773,     "name": "Kachanovichy",     "country": "BY",     "coord": {       "lon": 26.75,       "lat": 53.183334     }   },
  {     "id": 624399,     "name": "Novoye Mesto",     "country": "BY",     "coord": {       "lon": 26.700001,       "lat": 53.216667     }   },
  {     "id": 624700,     "name": "Nyasvizh",     "country": "BY",     "coord": {       "lon": 26.672501,       "lat": 53.218056     }   },
  {     "id": 622621,     "name": "Rudawka",     "country": "BY",     "coord": {       "lon": 26.65,       "lat": 53.233334     }   },
  {     "id": 619015,     "name": "Zavitaya",     "country": "BY",     "coord": {       "lon": 26.633333,       "lat": 53.266666     }   },
  {     "id": 620475,     "name": "Uzhanka",     "country": "BY",     "coord": {       "lon": 26.583332,       "lat": 53.299999     }   },
  {     "id": 625614,     "name": "Mala-Uzhanka",     "country": "BY",     "coord": {       "lon": 26.566668,       "lat": 53.299999     }   },
  {     "id": 628182,     "name": "Haradzyeya",     "country": "BY",     "coord": {       "lon": 26.533333,       "lat": 53.316666     }   },
  {     "id": 624396,     "name": "Novaya Vyoska",     "country": "BY",     "coord": {       "lon": 26.533333,       "lat": 53.349998     }   },
  {     "id": 623411,     "name": "Podlese",     "country": "BY",     "coord": {       "lon": 26.533333,       "lat": 53.383331     }   },
  {     "id": 621949,     "name": "Simakovo",     "country": "BY",     "coord": {       "lon": 26.483334,       "lat": 53.400002     }   },
  {     "id": 620335,     "name": "Velikoye Selo",     "country": "BY",     "coord": {       "lon": 26.5,       "lat": 53.433334     }   },
  {     "id": 625128,     "name": "Mir",     "country": "BY",     "coord": {       "lon": 26.466667,       "lat": 53.450001     }   },
  {     "id": 623596,     "name": "Pesochnaya",     "country": "BY",     "coord": {       "lon": 26.4,       "lat": 53.483334     }   },
  {     "id": 620786,     "name": "Troshchytsy",     "country": "BY",     "coord": {       "lon": 26.383333,       "lat": 53.483334     }   },
  {     "id": 623934,     "name": "Ostrovki",     "country": "BY",     "coord": {       "lon": 26.366667,       "lat": 53.5     }   },
  {     "id": 619340,     "name": "Zagor’ye",     "country": "BY",     "coord": {       "lon": 26.35,       "lat": 53.5     }   },
  {     "id": 620692,     "name": "Turets",     "country": "BY",     "coord": {       "lon": 26.316668,       "lat": 53.516666     }   },
  {     "id": 629960,     "name": "Velikaya Sloboda",     "country": "BY",     "coord": {       "lon": 26.25,       "lat": 53.549999     }   },
  {     "id": 622816,     "name": "Roviny",     "country": "BY",     "coord": {       "lon": 26.133333,       "lat": 53.549999     }   },
  {     "id": 628035,     "name": "Hrodzyenskaya Voblasts’",     "country": "BY",     "coord": {       "lon": 24.5,       "lat": 53.5     }   },
  {     "id": 626939,     "name": "Karelichy",     "country": "BY",     "coord": {       "lon": 26.137777,       "lat": 53.565277     }   },
  {     "id": 620712,     "name": "Tudorovo",     "country": "BY",     "coord": {       "lon": 26.1,       "lat": 53.583332     }   },
  {     "id": 627106,     "name": "Kol’chitsy Novyye",     "country": "BY",     "coord": {       "lon": 26.1,       "lat": 53.599998     }   },
  {     "id": 623296,     "name": "Polonaya",     "country": "BY",     "coord": {       "lon": 26.049999,       "lat": 53.599998     }   },
  {     "id": 620079,     "name": "Vawkavichy",     "country": "BY",     "coord": {       "lon": 25.950001,       "lat": 53.583332     }   },
  {     "id": 622606,     "name": "Rutka Pervaya",     "country": "BY",     "coord": {       "lon": 25.9,       "lat": 53.566666     }   },
  {     "id": 624785,     "name": "Navahrudak",     "country": "BY",     "coord": {       "lon": 25.833332,       "lat": 53.599998     }   },
  {     "id": 626884,     "name": "Korostovo",     "country": "BY",     "coord": {       "lon": 25.833332,       "lat": 53.583332     }   },
  {     "id": 625259,     "name": "Mitropol’",     "country": "BY",     "coord": {       "lon": 25.799999,       "lat": 53.599998     }   },
  {     "id": 625066,     "name": "Mogil’nitsy",     "country": "BY",     "coord": {       "lon": 25.716667,       "lat": 53.549999     }   },
  {     "id": 626849,     "name": "Kashalyova",     "country": "BY",     "coord": {       "lon": 25.716667,       "lat": 53.533333     }   },
  {     "id": 625742,     "name": "Lykovichi",     "country": "BY",     "coord": {       "lon": 26.283333,       "lat": 53.516666     }   },
  {     "id": 627346,     "name": "Khrol’chitsy",     "country": "BY",     "coord": {       "lon": 25.666668,       "lat": 53.5     }   },
  {     "id": 624453,     "name": "Novosëlki",     "country": "BY",     "coord": {       "lon": 25.65,       "lat": 53.5     }   },
  {     "id": 629183,     "name": "Danilavichy",     "country": "BY",     "coord": {       "lon": 25.65,       "lat": 53.450001     }   },
  {     "id": 624401,     "name": "Navayel’nya",     "country": "BY",     "coord": {       "lon": 25.583332,       "lat": 53.466667     }   },
  {     "id": 623289,     "name": "Polonki",     "country": "BY",     "coord": {       "lon": 25.549999,       "lat": 53.416668     }   },
  {     "id": 628692,     "name": "Dvarets",     "country": "BY",     "coord": {       "lon": 25.566668,       "lat": 53.400002     }   },
  {     "id": 629458,     "name": "Belolozy",     "country": "BY",     "coord": {       "lon": 25.6,       "lat": 53.316666     }   },
  {     "id": 625281,     "name": "Melyakhovichi",     "country": "BY",     "coord": {       "lon": 25.6,       "lat": 53.299999     }   },
  {     "id": 623649,     "name": "Pyerkhavichy",     "country": "BY",     "coord": {       "lon": 25.65,       "lat": 53.25     }   },
  {     "id": 620154,     "name": "Vishev",     "country": "BY",     "coord": {       "lon": 25.533333,       "lat": 53.233334     }   },
  {     "id": 629092,     "name": "Dzyerawnaya",     "country": "BY",     "coord": {       "lon": 25.483334,       "lat": 53.200001     }   },
  {     "id": 619341,     "name": "Zagritskovo",     "country": "BY",     "coord": {       "lon": 25.450001,       "lat": 53.150002     }   },
  {     "id": 623588,     "name": "Petralevichi Pervyye",     "country": "BY",     "coord": {       "lon": 25.366667,       "lat": 53.116669     }   },
  {     "id": 621754,     "name": "Slonim",     "country": "BY",     "coord": {       "lon": 25.321943,       "lat": 53.086666     }   },
  {     "id": 629644,     "name": "Brakovo",     "country": "BY",     "coord": {       "lon": 25.283333,       "lat": 53.049999     }   },
  {     "id": 626826,     "name": "Kastsyani",     "country": "BY",     "coord": {       "lon": 25.200001,       "lat": 53.066666     }   },
  {     "id": 624089,     "name": "Novoorlovichi",     "country": "BY",     "coord": {       "lon": 25.183332,       "lat": 53.016666     }   },
  {     "id": 623848,     "name": "Azhinavichy",     "country": "BY",     "coord": {       "lon": 25.166668,       "lat": 53.016666     }   },
  {     "id": 623762,     "name": "Pasinichi",     "country": "BY",     "coord": {       "lon": 25.1,       "lat": 53.016666     }   },
  {     "id": 627470,     "name": "Khmel’nitsa",     "country": "BY",     "coord": {       "lon": 25.133333,       "lat": 52.983334     }   },
  {     "id": 625100,     "name": "Mizhevichy",     "country": "BY",     "coord": {       "lon": 25.083332,       "lat": 52.983334     }   },
  {     "id": 623925,     "name": "Vostrava",     "country": "BY",     "coord": {       "lon": 25.033333,       "lat": 52.950001     }   },
  {     "id": 626780,     "name": "Kovali",     "country": "BY",     "coord": {       "lon": 25.016666,       "lat": 52.883331     }   },
  {     "id": 629631,     "name": "Brestskaya Voblasts’",     "country": "BY",     "coord": {       "lon": 25.5,       "lat": 52.5     }   },
  {     "id": 622500,     "name": "Ruzhany",     "country": "BY",     "coord": {       "lon": 24.891945,       "lat": 52.864723     }   },
  {     "id": 620015,     "name": "Volya",     "country": "BY",     "coord": {       "lon": 24.866667,       "lat": 52.849998     }   },
  {     "id": 625027,     "name": "Molochki",     "country": "BY",     "coord": {       "lon": 24.85,       "lat": 52.833332     }   },
  {     "id": 627233,     "name": "Klepachi",     "country": "BY",     "coord": {       "lon": 24.85,       "lat": 52.799999     }   },
  {     "id": 621719,     "name": "Smolyanitsa",     "country": "BY",     "coord": {       "lon": 24.633333,       "lat": 52.700001     }   },
  {     "id": 627403,     "name": "Kharava",     "country": "BY",     "coord": {       "lon": 24.583332,       "lat": 52.633331     }   },
  {     "id": 627057,     "name": "Kolyadichi",     "country": "BY",     "coord": {       "lon": 24.549999,       "lat": 52.650002     }   },
  {     "id": 629009,     "name": "Dabuchyn",     "country": "BY",     "coord": {       "lon": 24.516666,       "lat": 52.616669     }   },
  {     "id": 622997,     "name": "Pruzhany",     "country": "BY",     "coord": {       "lon": 24.464443,       "lat": 52.556667     }   },
  {     "id": 622096,     "name": "Shani",     "country": "BY",     "coord": {       "lon": 24.4,       "lat": 52.533333     }   },
  {     "id": 626799,     "name": "Kotëlki",     "country": "BY",     "coord": {       "lon": 24.35,       "lat": 52.516666     }   },
  {     "id": 622206,     "name": "Shakuny",     "country": "BY",     "coord": {       "lon": 24.35,       "lat": 52.483334     }   },
  {     "id": 628204,     "name": "Haradzyechna",     "country": "BY",     "coord": {       "lon": 24.299999,       "lat": 52.433334     }   },
  {     "id": 623440,     "name": "Poddubno",     "country": "BY",     "coord": {       "lon": 24.216667,       "lat": 52.416668     }   },
  {     "id": 622131,     "name": "Shcharchova",     "country": "BY",     "coord": {       "lon": 24.15,       "lat": 52.416668     }   },
  {     "id": 628654,     "name": "Dymniki",     "country": "BY",     "coord": {       "lon": 24.1,       "lat": 52.383331     }   },
  {     "id": 625283,     "name": "Mel’niki",     "country": "BY",     "coord": {       "lon": 24.016666,       "lat": 52.400002     }   },
  {     "id": 623708,     "name": "Pyelishcha",     "country": "BY",     "coord": {       "lon": 23.916668,       "lat": 52.316666     }   },
  {     "id": 623407,     "name": "Podlese",     "country": "BY",     "coord": {       "lon": 23.866667,       "lat": 52.283333     }   },
  {     "id": 620681,     "name": "Turna Vyalikaya",     "country": "BY",     "coord": {       "lon": 23.783333,       "lat": 52.283333     }   },
  {     "id": 619023,     "name": "Zavershany",     "country": "BY",     "coord": {       "lon": 23.766666,       "lat": 52.25     }   },
  {     "id": 629338,     "name": "Charnawchytsy",     "country": "BY",     "coord": {       "lon": 23.733334,       "lat": 52.216667     }   },
  {     "id": 620364,     "name": "Velikaya Kurnitsa",     "country": "BY",     "coord": {       "lon": 23.75,       "lat": 52.183334     }   },
  {     "id": 620647,     "name": "Tyukhinichi",     "country": "BY",     "coord": {       "lon": 23.666668,       "lat": 52.150002     }   },
  {     "id": 622805,     "name": "Rechitsa",     "country": "BY",     "coord": {       "lon": 23.65,       "lat": 52.099998     }   },
  {     "id": 629634,     "name": "Brest",     "country": "BY",     "coord": {       "lon": 23.700001,       "lat": 52.099998     }   },
  {     "id": 620013,     "name": "Volynka",     "country": "BY",     "coord": {       "lon": 23.683332,       "lat": 52.066666     }   },
  {     "id": 628175,     "name": "Haradzishcha",     "country": "BY",     "coord": {       "lon": 26,       "lat": 53.316669     }   },
  {     "id": 627260,     "name": "Kiseli",     "country": "BY",     "coord": {       "lon": 25.98333,       "lat": 53.333328     }   },
  {     "id": 7003109,     "name": "Zyalyonaya",     "country": "BY",     "coord": {       "lon": 25.9762,       "lat": 53.35857     }   },
  {     "id": 628706,     "name": "Dushkovtsy",     "country": "BY",     "coord": {       "lon": 25.950001,       "lat": 53.366669     }   },
  {     "id": 623208,     "name": "Porech’ye",     "country": "BY",     "coord": {       "lon": 25.9,       "lat": 53.416672     }   },
  {     "id": 620451,     "name": "Valyewka",     "country": "BY",     "coord": {       "lon": 25.9,       "lat": 53.466671     }   },
  {     "id": 625125,     "name": "Miratsichy",     "country": "BY",     "coord": {       "lon": 25.950001,       "lat": 53.450001     }   },
  {     "id": 621858,     "name": "Skryshëvo",     "country": "BY",     "coord": {       "lon": 25.98333,       "lat": 53.466671     }   },
  {     "id": 622811,     "name": "Raytsa",     "country": "BY",     "coord": {       "lon": 26.033331,       "lat": 53.466671     }   },
  {     "id": 625495,     "name": "Malyushychy",     "country": "BY",     "coord": {       "lon": 26.066669,       "lat": 53.48333     }   },
  {     "id": 622228,     "name": "Servech",     "country": "BY",     "coord": {       "lon": 26.133329,       "lat": 53.5     }   },
  {     "id": 623268,     "name": "Paluzhzha",     "country": "BY",     "coord": {       "lon": 26.116671,       "lat": 53.533329     }   },
  {     "id": 8020123,     "name": "Yasen’",     "country": "BY",     "coord": {       "lon": 27.3592,       "lat": 53.4492     }   },
  {     "id": 8146819,     "name": "Oserëdok",     "country": "BY",     "coord": {       "lon": 28.0051,       "lat": 52.9977     }   },
  {     "id": 8019684,     "name": "Rzhavets",     "country": "BY",     "coord": {       "lon": 27.4641,       "lat": 53.9352     }   },
  {     "id": 8019783,     "name": "Serebryanka",     "country": "BY",     "coord": {       "lon": 27.6024,       "lat": 53.856098     }   },
  {     "id": 8019660,     "name": "Vostok",     "country": "BY",     "coord": {       "lon": 27.6457,       "lat": 53.937801     }   },
  {     "id": 628763,     "name": "Dubrovki",     "country": "BY",     "coord": {       "lon": 29.512659,       "lat": 55.006649     }   },
  {     "id": 618982,     "name": "Zaytsevo",     "country": "BY",     "coord": {       "lon": 30.31818,       "lat": 54.502972     }   },
  {     "id": 621849,     "name": "Slasteny",     "country": "BY",     "coord": {       "lon": 30.77194,       "lat": 53.996109     }   },
  {     "id": 624596,     "name": "Novaya Derevnya",     "country": "BY",     "coord": {       "lon": 29.366671,       "lat": 53.166672     }   },
  {     "id": 627121,     "name": "Kokhonovka",     "country": "BY",     "coord": {       "lon": 28.7609,       "lat": 53.180901     }   },
  {     "id": 8146894,     "name": "Molotino",     "country": "BY",     "coord": {       "lon": 28.5937,       "lat": 53.277199     }   },
  {     "id": 625059,     "name": "Moiseyevichi",     "country": "BY",     "coord": {       "lon": 28.2852,       "lat": 53.215     }   },
  {     "id": 8146308,     "name": "Malinovka",     "country": "BY",     "coord": {       "lon": 27.9471,       "lat": 53.236698     }   },
  {     "id": 8146316,     "name": "Bobovishchi",     "country": "BY",     "coord": {       "lon": 27.5818,       "lat": 53.192299     }   },
  {     "id": 8047227,     "name": "Dushevo",     "country": "BY",     "coord": {       "lon": 26.9891,       "lat": 53.195801     }   },
  {     "id": 620474,     "name": "Uzhanka-Vel’ka",     "country": "BY",     "coord": {       "lon": 26.58333,       "lat": 53.299999     }   },
  {     "id": 8077353,     "name": "Soroki",     "country": "BY",     "coord": {       "lon": 24.5091,       "lat": 53.508701     }   },
  {     "id": 7930860,     "name": "Kuborka",     "country": "BY",     "coord": {       "lon": 25.8363,       "lat": 53.587601     }   },
  {     "id": 7930855,     "name": "Grabniki",     "country": "BY",     "coord": {       "lon": 25.801399,       "lat": 53.604301     }   },
  {     "id": 7930993,     "name": "Polonka Malaya",     "country": "BY",     "coord": {       "lon": 25.5515,       "lat": 53.424099     }   },
  {     "id": 629459,     "name": "Byelahurna",     "country": "BY",     "coord": {       "lon": 25.595301,       "lat": 53.309101     }   },
  {     "id": 8182938,     "name": "Petralevichi Vtoryye",     "country": "BY",     "coord": {       "lon": 25.3668,       "lat": 53.111198     }   },
  {     "id": 624273,     "name": "Abrova",     "country": "BY",     "coord": {       "lon": 25.561001,       "lat": 52.5084     }   },
  {     "id": 630353,     "name": "Bayki",     "country": "BY",     "coord": {       "lon": 24.85132,       "lat": 52.830231     }   },
  {     "id": 8174179,     "name": "Voshchinichi",     "country": "BY",     "coord": {       "lon": 24.5639,       "lat": 52.651299     }   },
  {     "id": 620181,     "name": "Vilyeyka",     "country": "BY",     "coord": {       "lon": 26.90624,       "lat": 54.489601     }   },
  {     "id": 8075472,     "name": "Koshovniki",     "country": "BY",     "coord": {       "lon": 23.897301,       "lat": 53.6506     }   },
  {     "id": 623549,     "name": "Pinsk",     "country": "BY",     "coord": {       "lon": 26.0951,       "lat": 52.122898     }   },
  {     "id": 622245,     "name": "Seredoma",     "country": "BY",     "coord": {       "lon": 28.65,       "lat": 55.533329     }   },
  {     "id": 620127,     "name": "Vitsyebsk",     "country": "BY",     "coord": {       "lon": 30.2033,       "lat": 55.190479     }   },
  {     "id": 628281,     "name": "Homyel’skaya Voblasts’",     "country": "BY",     "coord": {       "lon": 30,       "lat": 52     }   },
  {     "id": 627907,     "name": "Homyel",     "country": "BY",     "coord": {       "lon": 30.975401,       "lat": 52.434502     }   },
  {     "id": 623109,     "name": "Prigorod Kolozha",     "country": "BY",     "coord": {       "lon": 23.816669,       "lat": 53.683331     }   },
  {     "id": 618806,     "name": "Zhlobin",     "country": "BY",     "coord": {       "lon": 30.024,       "lat": 52.892601     }   },
  {     "id": 625324,     "name": "Mazyr",     "country": "BY",     "coord": {       "lon": 29.2456,       "lat": 52.0495     }   },
  {     "id": 620182,     "name": "Vil’chitsy",     "country": "BY",     "coord": {       "lon": 30.34499,       "lat": 53.7812     }   },
  {     "id": 8183145,     "name": "Chyzhevichy",     "country": "BY",     "coord": {       "lon": 27.5383,       "lat": 52.809101     }   },
  {     "id": 625367,     "name": "Masty",     "country": "BY",     "coord": {       "lon": 24.5387,       "lat": 53.412201     }   },
  {     "id": 621235,     "name": "Stryyewka",     "country": "BY",     "coord": {       "lon": 24.141399,       "lat": 53.735901     }   },
  {     "id": 618913,     "name": "Zhabinka",     "country": "BY",     "coord": {       "lon": 24.011499,       "lat": 52.198399     }   },
  {     "id": 625067,     "name": "Mogil’na",     "country": "BY",     "coord": {       "lon": 25.533331,       "lat": 52.133331     }   },
  {     "id": 623499,     "name": "Pligovki",     "country": "BY",     "coord": {       "lon": 29.548189,       "lat": 55.372131     }   },
  {     "id": 628884,     "name": "Drahichyn",     "country": "BY",     "coord": {       "lon": 25.1597,       "lat": 52.187401     }   },
  {     "id": 622258,     "name": "Syanno",     "country": "BY",     "coord": {       "lon": 29.70694,       "lat": 54.810551     }   },
  {     "id": 621986,     "name": "Shumilina",     "country": "BY",     "coord": {       "lon": 29.614889,       "lat": 55.300819     }   },
  {     "id": 627800,     "name": "Ivatsevichy",     "country": "BY",     "coord": {       "lon": 25.340099,       "lat": 52.709     }   },
  {     "id": 626478,     "name": "Krupenina",     "country": "BY",     "coord": {       "lon": 29.802641,       "lat": 55.131592     }   },
  {     "id": 628579,     "name": "Frolkovichi",     "country": "BY",     "coord": {       "lon": 29.232719,       "lat": 55.200821     }   },
  {     "id": 626081,     "name": "Lida",     "country": "BY",     "coord": {       "lon": 25.299721,       "lat": 53.883331     }   },
  {     "id": 625233,     "name": "Mgle",     "country": "BY",     "coord": {       "lon": 28.070629,       "lat": 54.130661     }   },
  {     "id": 626634,     "name": "Krasnitsa Pervaya",     "country": "BY",     "coord": {       "lon": 30.191,       "lat": 53.79768     }   },
  {     "id": 625625,     "name": "Maladzyechna",     "country": "BY",     "coord": {       "lon": 26.864361,       "lat": 54.320518     }   },
  {     "id": 626226,     "name": "Latygovka",     "country": "BY",     "coord": {       "lon": 27.41106,       "lat": 54.179008     }   },
  {     "id": 624853,     "name": "Myasota",     "country": "BY",     "coord": {       "lon": 27.046,       "lat": 54.285709     }   },
  {     "id": 620214,     "name": "Vyetka",     "country": "BY",     "coord": {       "lon": 31.179399,       "lat": 52.559101     }   },
  {     "id": 621266,     "name": "Stowbtsy",     "country": "BY",     "coord": {       "lon": 26.743401,       "lat": 53.4785     }   },
  {     "id": 625229,     "name": "Miguvka",     "country": "BY",     "coord": {       "lon": 27.20166,       "lat": 54.180771     }   },
  {     "id": 628155,     "name": "Haradok",     "country": "BY",     "coord": {       "lon": 29.98164,       "lat": 55.462429     }   },
  {     "id": 625721,     "name": "Lyuban",     "country": "BY",     "coord": {       "lon": 28.004801,       "lat": 52.7985     }   },
  {     "id": 630279,     "name": "Byelaazyorsk",     "country": "BY",     "coord": {       "lon": 25.1784,       "lat": 52.473099     }   },
  {     "id": 611866,     "name": "Skidal",     "country": "BY",     "coord": {       "lon": 24.247801,       "lat": 53.590401     }   },
  {     "id": 630131,     "name": "Besyady",     "country": "BY",     "coord": {       "lon": 27.570641,       "lat": 54.230591     }   },
  {     "id": 622575,     "name": "Rudnya",     "country": "BY",     "coord": {       "lon": 27.566669,       "lat": 54.316669     }   },
  {     "id": 622739,     "name": "Rahachow",     "country": "BY",     "coord": {       "lon": 30.0495,       "lat": 53.093399     }   },
  {     "id": 619979,     "name": "Voranava",     "country": "BY",     "coord": {       "lon": 25.313061,       "lat": 54.1483     }   },
  {     "id": 625972,     "name": "Lahoysk",     "country": "BY",     "coord": {       "lon": 27.85025,       "lat": 54.20158     }   },
  {     "id": 623184,     "name": "Posëlok Imeni Kalinina",     "country": "BY",     "coord": {       "lon": 27.783331,       "lat": 53.950001     }   },
  {     "id": 620540,     "name": "Ushachy",     "country": "BY",     "coord": {       "lon": 28.6035,       "lat": 55.178581     }   },
  {     "id": 625743,     "name": "Lyepyel",     "country": "BY",     "coord": {       "lon": 28.69323,       "lat": 54.881432     }   },
  {     "id": 620833,     "name": "Talachyn",     "country": "BY",     "coord": {       "lon": 29.69171,       "lat": 54.409679     }   },
  {     "id": 621741,     "name": "Slutsk",     "country": "BY",     "coord": {       "lon": 27.5597,       "lat": 53.027401     }   },
  {     "id": 629447,     "name": "Bykhaw",     "country": "BY",     "coord": {       "lon": 30.246929,       "lat": 53.519348     }   },
  {     "id": 8019624,     "name": "Kladochki",     "country": "BY",     "coord": {       "lon": 27.271999,       "lat": 53.9977     }   },
  {     "id": 621074,     "name": "Svyetlahorsk",     "country": "BY",     "coord": {       "lon": 29.738899,       "lat": 52.6329     }   },
  {     "id": 620391,     "name": "Vawkavysk",     "country": "BY",     "coord": {       "lon": 24.4513,       "lat": 53.156101     }   },
  {     "id": 630206,     "name": "Berëza",     "country": "BY",     "coord": {       "lon": 24.3738,       "lat": 52.292     }   },
  {     "id": 627214,     "name": "Klyetsk",     "country": "BY",     "coord": {       "lon": 26.632099,       "lat": 53.063499     }   },
  {     "id": 621713,     "name": "Smarhon",     "country": "BY",     "coord": {       "lon": 26.3934,       "lat": 54.479061     }   },
  {     "id": 627798,     "name": "Ivyanyets",     "country": "BY",     "coord": {       "lon": 26.7432,       "lat": 53.886398     }   },
  {     "id": 628296,     "name": "Golynka",     "country": "BY",     "coord": {       "lon": 23.9065,       "lat": 53.177299     }   },
  {     "id": 629400,     "name": "Chashniki",     "country": "BY",     "coord": {       "lon": 29.160721,       "lat": 54.85685     }   },
  {     "id": 621462,     "name": "Starobin",     "country": "BY",     "coord": {       "lon": 27.4606,       "lat": 52.7267     }   },
  {     "id": 621256,     "name": "Strazhevichi",     "country": "BY",     "coord": {       "lon": 29.230009,       "lat": 54.663212     }   },
  {     "id": 630245,     "name": "Byalynichy",     "country": "BY",     "coord": {       "lon": 29.712629,       "lat": 53.998348     }   },
  {     "id": 8147026,     "name": "Podzamsha",     "country": "BY",     "coord": {       "lon": 28.688999,       "lat": 52.8806     }   },
  {     "id": 628634,     "name": "Dzyarzhynsk",     "country": "BY",     "coord": {       "lon": 27.138,       "lat": 53.683201     }   },
  {     "id": 629018,     "name": "Dobrush",     "country": "BY",     "coord": {       "lon": 31.3237,       "lat": 52.408901     }   },
  {     "id": 8076629,     "name": "Minchuki",     "country": "BY",     "coord": {       "lon": 23.9538,       "lat": 53.122501     }   },
  {     "id": 625409,     "name": "Marina Horka",     "country": "BY",     "coord": {       "lon": 28.146999,       "lat": 53.508999     }   },
  {     "id": 620445,     "name": "Valozhyn",     "country": "BY",     "coord": {       "lon": 26.522461,       "lat": 54.090931     }   },
  {     "id": 626450,     "name": "Krychaw",     "country": "BY",     "coord": {       "lon": 31.70994,       "lat": 53.694481     }   },
  {     "id": 623760,     "name": "Pastavy",     "country": "BY",     "coord": {       "lon": 26.83263,       "lat": 55.11676     }   },
  {     "id": 626621,     "name": "Krasnasyelski",     "country": "BY",     "coord": {       "lon": 24.430099,       "lat": 53.2645     }   },
  {     "id": 623317,     "name": "Polatsk",     "country": "BY",     "coord": {       "lon": 28.77556,       "lat": 55.48592     }   },
  {     "id": 623941,     "name": "Astravyets",     "country": "BY",     "coord": {       "lon": 25.95537,       "lat": 54.613781     }   },
  {     "id": 629347,     "name": "Cherykaw",     "country": "BY",     "coord": {       "lon": 31.37928,       "lat": 53.569199     }   },
  {     "id": 621548,     "name": "Stanislavovo",     "country": "BY",     "coord": {       "lon": 28.816669,       "lat": 55.900002     }   },
  {     "id": 629055,     "name": "Dzisna",     "country": "BY",     "coord": {       "lon": 28.19714,       "lat": 55.567989     }   },
  {     "id": 626471,     "name": "Krupki",     "country": "BY",     "coord": {       "lon": 29.135839,       "lat": 54.317799     }   },
  {     "id": 629002,     "name": "Dokshytsy",     "country": "BY",     "coord": {       "lon": 27.76894,       "lat": 54.892422     }   },
  {     "id": 625130,     "name": "Myory",     "country": "BY",     "coord": {       "lon": 27.6299,       "lat": 55.621712     }   },
  {     "id": 618815,     "name": "Zhytkavichy",     "country": "BY",     "coord": {       "lon": 27.8561,       "lat": 52.216801     }   },
  {     "id": 627751,     "name": "Kalinkavichy",     "country": "BY",     "coord": {       "lon": 29.325701,       "lat": 52.132301     }   },
  {     "id": 627905,     "name": "Horki",     "country": "BY",     "coord": {       "lon": 30.98424,       "lat": 54.286098     }   },
  {     "id": 630543,     "name": "Antopal",     "country": "BY",     "coord": {       "lon": 24.786301,       "lat": 52.2038     }   },
  {     "id": 622113,     "name": "Shchuchin",     "country": "BY",     "coord": {       "lon": 24.7465,       "lat": 53.601398     }   },
  {     "id": 619076,     "name": "Zasyetstsye",     "country": "BY",     "coord": {       "lon": 25.3995,       "lat": 53.498001     }   },
  {     "id": 626041,     "name": "Lipnishki",     "country": "BY",     "coord": {       "lon": 25.60828,       "lat": 54.004478     }   },
  {     "id": 621396,     "name": "Staryya Darohi",     "country": "BY",     "coord": {       "lon": 28.267,       "lat": 53.040199     }   },
  {     "id": 622823,     "name": "Ratamka",     "country": "BY",     "coord": {       "lon": 27.3444,       "lat": 53.940399     }   },
  {     "id": 625228,     "name": "Mikashevichy",     "country": "BY",     "coord": {       "lon": 27.476,       "lat": 52.2173     }   },
  {     "id": 627950,     "name": "Gusak",     "country": "BY",     "coord": {       "lon": 24.0811,       "lat": 51.924999     }   },
  {     "id": 621277,     "name": "Stolin",     "country": "BY",     "coord": {       "lon": 26.84597,       "lat": 51.891151     }   },
  {     "id": 623512,     "name": "Plyeshchanitsy",     "country": "BY",     "coord": {       "lon": 27.833139,       "lat": 54.42218     }   },
  {     "id": 622274,     "name": "Syenitsa",     "country": "BY",     "coord": {       "lon": 27.5343,       "lat": 53.831299     }   },
  {     "id": 628511,     "name": "Hatava",     "country": "BY",     "coord": {       "lon": 27.640699,       "lat": 53.782902     }   },
  {     "id": 620483,     "name": "Uzda",     "country": "BY",     "coord": {       "lon": 27.213699,       "lat": 53.4627     }   },
  {     "id": 627711,     "name": "Kamyanyets",     "country": "BY",     "coord": {       "lon": 23.809999,       "lat": 52.400139     }   },
  {     "id": 619598,     "name": "Yelsk",     "country": "BY",     "coord": {       "lon": 29.152201,       "lat": 51.814098     }   },
  {     "id": 629395,     "name": "Chavusy",     "country": "BY",     "coord": {       "lon": 30.97122,       "lat": 53.807529     }   },
  {     "id": 621243,     "name": "Streshyn",     "country": "BY",     "coord": {       "lon": 30.104601,       "lat": 52.728401     }   },
  {     "id": 630070,     "name": "Bobr",     "country": "BY",     "coord": {       "lon": 29.27792,       "lat": 54.342941     }   },
  {     "id": 627908,     "name": "Hlybokaye",     "country": "BY",     "coord": {       "lon": 27.687929,       "lat": 55.138229     }   },
  {     "id": 619596,     "name": "Yemel’yanovo",     "country": "BY",     "coord": {       "lon": 28.029671,       "lat": 54.071091     }   },
  {     "id": 625539,     "name": "Malaryta",     "country": "BY",     "coord": {       "lon": 24.073999,       "lat": 51.790501     }   },
  {     "id": 8021870,     "name": "Peski",     "country": "BY",     "coord": {       "lon": 23.5931,       "lat": 52.152699     }   },
  {     "id": 630136,     "name": "Byeshankovichy",     "country": "BY",     "coord": {       "lon": 29.45335,       "lat": 55.044491     }   },
  {     "id": 629589,     "name": "Bryanchitsy",     "country": "BY",     "coord": {       "lon": 27.5467,       "lat": 52.880299     }   },
  {     "id": 624143,     "name": "Oltush",     "country": "BY",     "coord": {       "lon": 23.9722,       "lat": 51.690201     }   },
  {     "id": 627909,     "name": "Hantsavichy",     "country": "BY",     "coord": {       "lon": 26.43,       "lat": 52.757999     }   },
  {     "id": 8019967,     "name": "Bagritsovshchina",     "country": "BY",     "coord": {       "lon": 27.212601,       "lat": 53.638802     }   },
  {     "id": 621838,     "name": "Slawharad",     "country": "BY",     "coord": {       "lon": 31.00136,       "lat": 53.444599     }   },
  {     "id": 628337,     "name": "Holatsk",     "country": "BY",     "coord": {       "lon": 27.854099,       "lat": 53.704498     }   },
  {     "id": 621722,     "name": "Smol’nitsa",     "country": "BY",     "coord": {       "lon": 27.9555,       "lat": 53.952202     }   },
  {     "id": 624812,     "name": "Napalki",     "country": "BY",     "coord": {       "lon": 28.1222,       "lat": 54.100861     }   },
  {     "id": 625881,     "name": "Lubnishche",     "country": "BY",     "coord": {       "lon": 30.104179,       "lat": 53.96764     }   },
  {     "id": 8019721,     "name": "Chirvonyy Luzhok",     "country": "BY",     "coord": {       "lon": 27.9963,       "lat": 53.870399     }   },
  {     "id": 624265,     "name": "Obukhovo",     "country": "BY",     "coord": {       "lon": 24.0814,       "lat": 53.605099     }   },
  {     "id": 621887,     "name": "Skinderovka",     "country": "BY",     "coord": {       "lon": 30.35,       "lat": 55.099998     }   },
  {     "id": 8178416,     "name": "Rzhavets",     "country": "BY",     "coord": {       "lon": 31.0142,       "lat": 52.537201     }   },
  {     "id": 8021881,     "name": "Shebrin",     "country": "BY",     "coord": {       "lon": 23.9007,       "lat": 52.101501     }   },
  {     "id": 622428,     "name": "Salihorsk",     "country": "BY",     "coord": {       "lon": 27.5415,       "lat": 52.787601     }   },
  {     "id": 622794,     "name": "Rechytsa",     "country": "BY",     "coord": {       "lon": 30.3916,       "lat": 52.361698     }   },
  {     "id": 624400,     "name": "Novoye Medvezhino",     "country": "BY",     "coord": {       "lon": 27.450001,       "lat": 53.883331     }   },
  {     "id": 625818,     "name": "Luninyets",     "country": "BY",     "coord": {       "lon": 26.804701,       "lat": 52.2472     }   },
  {     "id": 627083,     "name": "Kalodzishchy",     "country": "BY",     "coord": {       "lon": 27.782301,       "lat": 53.944     }   },
  {     "id": 627145,     "name": "Kobryn",     "country": "BY",     "coord": {       "lon": 24.3564,       "lat": 52.213799     }   },
  {     "id": 627904,     "name": "Hrodna",     "country": "BY",     "coord": {       "lon": 23.8258,       "lat": 53.6884     }   },
  {     "id": 618818,     "name": "Zhyrovichy",     "country": "BY",     "coord": {       "lon": 25.344299,       "lat": 53.0131     }   },
  {     "id": 618883,     "name": "Zhdanovichy",     "country": "BY",     "coord": {       "lon": 27.424999,       "lat": 53.943199     }   },
  {     "id": 618927,     "name": "Zyembin",     "country": "BY",     "coord": {       "lon": 28.218109,       "lat": 54.358299     }   },
  {     "id": 619066,     "name": "Zaslawye",     "country": "BY",     "coord": {       "lon": 27.269529,       "lat": 54.01429     }   },
  {     "id": 619217,     "name": "Zamostochcha",     "country": "BY",     "coord": {       "lon": 27.8685,       "lat": 53.819801     }   },
  {     "id": 619616,     "name": "Yalizava",     "country": "BY",     "coord": {       "lon": 29.00543,       "lat": 53.398109     }   },
  {     "id": 619818,     "name": "Vysokaye",     "country": "BY",     "coord": {       "lon": 23.370831,       "lat": 52.370911     }   },
  {     "id": 620141,     "name": "Vishow",     "country": "BY",     "coord": {       "lon": 29.97098,       "lat": 53.982609     }   },
  {     "id": 620146,     "name": "Vishnyeva",     "country": "BY",     "coord": {       "lon": 26.52253,       "lat": 54.712212     }   },
  {     "id": 625072,     "name": "Mahilyowski Rayon",     "country": "BY",     "coord": {       "lon": 30.25,       "lat": 53.833328     }   },
  {     "id": 620205,     "name": "Veyno",     "country": "BY",     "coord": {       "lon": 30.383329,       "lat": 53.833328     }   },
  {     "id": 620255,     "name": "Vyerkhnyadzvinsk",     "country": "BY",     "coord": {       "lon": 27.944281,       "lat": 55.781502     }   },
  {     "id": 620425,     "name": "Vasilyevichy",     "country": "BY",     "coord": {       "lon": 29.8288,       "lat": 52.251202     }   },
  {     "id": 620558,     "name": "Urechcha",     "country": "BY",     "coord": {       "lon": 27.893,       "lat": 52.947899     }   },
  {     "id": 620676,     "name": "Turaw",     "country": "BY",     "coord": {       "lon": 27.735001,       "lat": 52.068298     }   },
  {     "id": 620869,     "name": "Tsimkavichy",     "country": "BY",     "coord": {       "lon": 26.9902,       "lat": 53.0672     }   },
  {     "id": 620945,     "name": "Tsyelyakhany",     "country": "BY",     "coord": {       "lon": 25.842899,       "lat": 52.517502     }   },
  {     "id": 621058,     "name": "Svir",     "country": "BY",     "coord": {       "lon": 26.39838,       "lat": 54.850319     }   },
  {     "id": 621543,     "name": "Stankava",     "country": "BY",     "coord": {       "lon": 27.229,       "lat": 53.6292     }   },
  {     "id": 621605,     "name": "Sasnovy Bor",     "country": "BY",     "coord": {       "lon": 29.598801,       "lat": 52.519402     }   },
  {     "id": 621641,     "name": "Soly",     "country": "BY",     "coord": {       "lon": 26.19381,       "lat": 54.513008     }   },
  {     "id": 621700,     "name": "Snow",     "country": "BY",     "coord": {       "lon": 26.400999,       "lat": 53.2201     }   },
  {     "id": 621732,     "name": "Smilavichy",     "country": "BY",     "coord": {       "lon": 28.011499,       "lat": 53.749599     }   },
  {     "id": 622179,     "name": "Sharkawshchyna",     "country": "BY",     "coord": {       "lon": 27.47064,       "lat": 55.37133     }   },
  {     "id": 622279,     "name": "Syomkava",     "country": "BY",     "coord": {       "lon": 27.44138,       "lat": 54.010269     }   },
  {     "id": 622420,     "name": "Samakhvalavichy",     "country": "BY",     "coord": {       "lon": 27.5037,       "lat": 53.739601     }   },
  {     "id": 622614,     "name": "Rudzyensk",     "country": "BY",     "coord": {       "lon": 27.862101,       "lat": 53.598301     }   },
  {     "id": 622690,     "name": "Rasony",     "country": "BY",     "coord": {       "lon": 28.81263,       "lat": 55.908852     }   },
  {     "id": 622700,     "name": "Ros",     "country": "BY",     "coord": {       "lon": 24.4128,       "lat": 53.285801     }   },
  {     "id": 622849,     "name": "Rakaw",     "country": "BY",     "coord": {       "lon": 27.0562,       "lat": 53.9674     }   },
  {     "id": 622877,     "name": "Radashkovichy",     "country": "BY",     "coord": {       "lon": 27.24242,       "lat": 54.15514     }   },
  {     "id": 622971,     "name": "Pukhavichy",     "country": "BY",     "coord": {       "lon": 28.2467,       "lat": 53.529701     }   },
  {     "id": 623129,     "name": "Prawdzinski",     "country": "BY",     "coord": {       "lon": 27.830299,       "lat": 53.524799     }   },
  {     "id": 623577,     "name": "Pyatryshki",     "country": "BY",     "coord": {       "lon": 27.218651,       "lat": 54.068241     }   },
  {     "id": 623581,     "name": "Pyetrykaw",     "country": "BY",     "coord": {       "lon": 28.4921,       "lat": 52.128899     }   },
  {     "id": 623788,     "name": "Parychy",     "country": "BY",     "coord": {       "lon": 29.417601,       "lat": 52.804199     }   },
  {     "id": 623855,     "name": "Azyartso",     "country": "BY",     "coord": {       "lon": 27.391701,       "lat": 53.839699     }   },
  {     "id": 623902,     "name": "Osveya",     "country": "BY",     "coord": {       "lon": 28.110491,       "lat": 56.014702     }   },
  {     "id": 623956,     "name": "Astrashytski Haradok",     "country": "BY",     "coord": {       "lon": 27.696569,       "lat": 54.063271     }   },
  {     "id": 624199,     "name": "Aktsyabrski",     "country": "BY",     "coord": {       "lon": 28.8801,       "lat": 52.644001     }   },
  {     "id": 624297,     "name": "Novy Svyerzhan",     "country": "BY",     "coord": {       "lon": 26.730101,       "lat": 53.454201     }   },
  {     "id": 624318,     "name": "Kadino",     "country": "BY",     "coord": {       "lon": 30.520281,       "lat": 53.883888     }   },
  {     "id": 624418,     "name": "Novoselye",     "country": "BY",     "coord": {       "lon": 27.200899,       "lat": 53.916199     }   },
  {     "id": 624494,     "name": "Novolukoml",     "country": "BY",     "coord": {       "lon": 29.15016,       "lat": 54.661919     }   },
  {     "id": 624612,     "name": "Nasilava",     "country": "BY",     "coord": {       "lon": 26.800671,       "lat": 54.310261     }   },
  {     "id": 624799,     "name": "Narowlya",     "country": "BY",     "coord": {       "lon": 29.500401,       "lat": 51.796101     }   },
  {     "id": 624804,     "name": "Narach",     "country": "BY",     "coord": {       "lon": 26.70697,       "lat": 54.908321     }   },
  {     "id": 624805,     "name": "Narach",     "country": "BY",     "coord": {       "lon": 26.73247,       "lat": 54.562248     }   },
  {     "id": 624842,     "name": "Myshkavichy",     "country": "BY",     "coord": {       "lon": 29.511999,       "lat": 53.217201     }   },
  {     "id": 624861,     "name": "Myadzyel",     "country": "BY",     "coord": {       "lon": 26.93594,       "lat": 54.873051     }   },
  {     "id": 624889,     "name": "Mstsislaw",     "country": "BY",     "coord": {       "lon": 31.725651,       "lat": 54.01923     }   },
  {     "id": 624965,     "name": "Mosar",     "country": "BY",     "coord": {       "lon": 27.454929,       "lat": 55.222439     }   },
  {     "id": 625671,     "name": "Machulishchy",     "country": "BY",     "coord": {       "lon": 27.594801,       "lat": 53.778801     }   },
  {     "id": 625712,     "name": "Lyubcha",     "country": "BY",     "coord": {       "lon": 26.060301,       "lat": 53.752201     }   },
  {     "id": 625737,     "name": "Lyntupy",     "country": "BY",     "coord": {       "lon": 26.31073,       "lat": 55.049431     }   },
  {     "id": 625772,     "name": "Lyakhavichy",     "country": "BY",     "coord": {       "lon": 26.2656,       "lat": 53.038799     }   },
  {     "id": 625853,     "name": "Luhavaya Slabada",     "country": "BY",     "coord": {       "lon": 27.843399,       "lat": 53.782299     }   },
  {     "id": 625907,     "name": "Loyew",     "country": "BY",     "coord": {       "lon": 30.7953,       "lat": 51.945801     }   },
  {     "id": 625931,     "name": "Loshnitsa",     "country": "BY",     "coord": {       "lon": 28.76388,       "lat": 54.278938     }   },
  {     "id": 626188,     "name": "Lyelchytsy",     "country": "BY",     "coord": {       "lon": 28.3288,       "lat": 51.786201     }   },
  {     "id": 626266,     "name": "Lahishyn",     "country": "BY",     "coord": {       "lon": 25.9867,       "lat": 52.339001     }   },
  {     "id": 626491,     "name": "Kruhlaye",     "country": "BY",     "coord": {       "lon": 29.7957,       "lat": 54.246571     }   },
  {     "id": 626523,     "name": "Kryvichy",     "country": "BY",     "coord": {       "lon": 27.290421,       "lat": 54.713188     }   },
  {     "id": 626548,     "name": "Kreva",     "country": "BY",     "coord": {       "lon": 26.289989,       "lat": 54.311138     }   },
  {     "id": 625140,     "name": "Minski Rayon",     "country": "BY",     "coord": {       "lon": 27.58333,       "lat": 53.833328     }   },
  {     "id": 626610,     "name": "Krasnaye",     "country": "BY",     "coord": {       "lon": 27.07618,       "lat": 54.242691     }   },
  {     "id": 626625,     "name": "Krasnapollye",     "country": "BY",     "coord": {       "lon": 31.401409,       "lat": 53.333672     }   },
  {     "id": 626660,     "name": "Chyrvonaya Slabada",     "country": "BY",     "coord": {       "lon": 27.1698,       "lat": 52.8522     }   },
  {     "id": 626806,     "name": "Kastsyukowka",     "country": "BY",     "coord": {       "lon": 30.917299,       "lat": 52.5387     }   },
  {     "id": 626808,     "name": "Kastsyukovichy",     "country": "BY",     "coord": {       "lon": 32.050591,       "lat": 53.351608     }   },
  {     "id": 626829,     "name": "Kosava",     "country": "BY",     "coord": {       "lon": 25.155399,       "lat": 52.758301     }   },
  {     "id": 626917,     "name": "Karma",     "country": "BY",     "coord": {       "lon": 30.8016,       "lat": 53.1301     }   },
  {     "id": 626992,     "name": "Konstantinovo",     "country": "BY",     "coord": {       "lon": 29.26985,       "lat": 54.662788     }   },
  {     "id": 627123,     "name": "Kokhanava",     "country": "BY",     "coord": {       "lon": 30.000811,       "lat": 54.461681     }   },
  {     "id": 627202,     "name": "Klimavichy",     "country": "BY",     "coord": {       "lon": 31.93853,       "lat": 53.613461     }   },
  {     "id": 627205,     "name": "Klichaw",     "country": "BY",     "coord": {       "lon": 29.335239,       "lat": 53.492821     }   },
  {     "id": 627362,     "name": "Khoyniki",     "country": "BY",     "coord": {       "lon": 29.9552,       "lat": 51.891102     }   },
  {     "id": 627424,     "name": "Khalopyenichy",     "country": "BY",     "coord": {       "lon": 28.956791,       "lat": 54.515999     }   },
  {     "id": 627793,     "name": "Iwye",     "country": "BY",     "coord": {       "lon": 25.772699,       "lat": 53.929901     }   },
  {     "id": 627811,     "name": "Ivanava",     "country": "BY",     "coord": {       "lon": 25.536501,       "lat": 52.1451     }   },
  {     "id": 627878,     "name": "Ilya",     "country": "BY",     "coord": {       "lon": 27.29435,       "lat": 54.416451     }   },
  {     "id": 628317,     "name": "Halshany",     "country": "BY",     "coord": {       "lon": 26.01368,       "lat": 54.2565     }   },
  {     "id": 628387,     "name": "Hlusk",     "country": "BY",     "coord": {       "lon": 28.6845,       "lat": 52.903     }   },
  {     "id": 628397,     "name": "Hlusha",     "country": "BY",     "coord": {       "lon": 28.856701,       "lat": 53.0868     }   },
  {     "id": 628658,     "name": "Dzyatlava",     "country": "BY",     "coord": {       "lon": 25.406799,       "lat": 53.4631     }   },
  {     "id": 628727,     "name": "Dukora",     "country": "BY",     "coord": {       "lon": 27.940001,       "lat": 53.6786     }   },
  {     "id": 628865,     "name": "Drybin",     "country": "BY",     "coord": {       "lon": 31.091681,       "lat": 54.119541     }   },
  {     "id": 628871,     "name": "Druya",     "country": "BY",     "coord": {       "lon": 27.449841,       "lat": 55.790611     }   },
  {     "id": 628923,     "name": "Dowsk",     "country": "BY",     "coord": {       "lon": 30.4601,       "lat": 53.157101     }   },
  {     "id": 629159,     "name": "Davyd-Haradok",     "country": "BY",     "coord": {       "lon": 27.216101,       "lat": 52.056599     }   },
  {     "id": 629163,     "name": "Dashkawka",     "country": "BY",     "coord": {       "lon": 30.261021,       "lat": 53.736969     }   },
  {     "id": 629273,     "name": "Chervyen",     "country": "BY",     "coord": {       "lon": 28.431299,       "lat": 53.705898     }   },
  {     "id": 629390,     "name": "Chachersk",     "country": "BY",     "coord": {       "lon": 30.9179,       "lat": 52.916401     }   },
  {     "id": 629564,     "name": "Buda-Kashalyova",     "country": "BY",     "coord": {       "lon": 30.570101,       "lat": 52.717899     }   },
  {     "id": 629640,     "name": "Braslaw",     "country": "BY",     "coord": {       "lon": 27.04545,       "lat": 55.644001     }   },
  {     "id": 629646,     "name": "Brahin",     "country": "BY",     "coord": {       "lon": 30.2677,       "lat": 51.786999     }   },
  {     "id": 629663,     "name": "Turets-Bayary",     "country": "BY",     "coord": {       "lon": 26.66667,       "lat": 54.366669     }   },
  {     "id": 629697,     "name": "Baruny",     "country": "BY",     "coord": {       "lon": 26.13702,       "lat": 54.316509     }   },
  {     "id": 629829,     "name": "Vyaliki Trastsyanets",     "country": "BY",     "coord": {       "lon": 27.7139,       "lat": 53.851002     }   },
  {     "id": 629986,     "name": "Vyalikaya Byerastavitsa",     "country": "BY",     "coord": {       "lon": 24.0166,       "lat": 53.195999     }   },
  {     "id": 630089,     "name": "Blon",     "country": "BY",     "coord": {       "lon": 28.173201,       "lat": 53.526901     }   },
  {     "id": 630166,     "name": "Berezovka",     "country": "BY",     "coord": {       "lon": 25.499269,       "lat": 53.721432     }   },
  {     "id": 630197,     "name": "Byerazino",     "country": "BY",     "coord": {       "lon": 28.9879,       "lat": 53.8391     }   },
  {     "id": 630343,     "name": "Byahoml",     "country": "BY",     "coord": {       "lon": 28.059959,       "lat": 54.733551     }   },
  {     "id": 630515,     "name": "Ashmyany",     "country": "BY",     "coord": {       "lon": 25.937799,       "lat": 54.424961     }   },
  {     "id": 793279,     "name": "Balbasava",     "country": "BY",     "coord": {       "lon": 30.272591,       "lat": 54.436199     }   },
  {     "id": 815847,     "name": "Ramanavichy",     "country": "BY",     "coord": {       "lon": 30.560989,       "lat": 53.872292     }   },
  {     "id": 6846555,     "name": "Fanipol",     "country": "BY",     "coord": {       "lon": 27.296221,       "lat": 53.762718     }   },
  {     "id": 8019679,     "name": "Khatsyezhyna",     "country": "BY",     "coord": {       "lon": 27.3069,       "lat": 53.909401     }   },
  {     "id": 8019799,     "name": "Shchomyslitsa",     "country": "BY",     "coord": {       "lon": 27.4522,       "lat": 53.821098     }   },
  {     "id": 8019803,     "name": "Yubilyeyny",     "country": "BY",     "coord": {       "lon": 27.5215,       "lat": 53.819099     }   },
  {     "id": 8019846,     "name": "Atolina",     "country": "BY",     "coord": {       "lon": 27.434601,       "lat": 53.7817     }   },
  {     "id": 8019860,     "name": "Pryvolny",     "country": "BY",     "coord": {       "lon": 27.7967,       "lat": 53.796902     }   },
  {     "id": 8019924,     "name": "Enyerhyetykaw",     "country": "BY",     "coord": {       "lon": 27.053499,       "lat": 53.587101     }   },
  {     "id": 8020001,     "name": "Svislach",     "country": "BY",     "coord": {       "lon": 27.919901,       "lat": 53.6404     }   },
  {     "id": 8020004,     "name": "Druzhny",     "country": "BY",     "coord": {       "lon": 27.897699,       "lat": 53.623798     }   },
  {     "id": 621728,     "name": "Smalyavitski Rayon",     "country": "BY",     "coord": {       "lon": 28.16667,       "lat": 54     }   },
  {     "id": 620790,     "name": "Trishin",     "country": "BY",     "coord": {       "lon": 23.75,       "lat": 52.099998     }   },
  {     "id": 619762,     "name": "Yakubovka",     "country": "BY",     "coord": {       "lon": 31.029301,       "lat": 52.416698     }   },
  {     "id": 8247183,     "name": "Borovlyany",     "country": "BY",     "coord": {       "lon": 27.6754,       "lat": 54.002201     }   },
  {     "id": 8247406,     "name": "Lyeskawka",     "country": "BY",     "coord": {       "lon": 27.7108,       "lat": 54.002399     }   },
  {     "id": 8247407,     "name": "Lyasny",     "country": "BY",     "coord": {       "lon": 27.696301,       "lat": 54.007198     }   },
  {     "id": 8247409,     "name": "Balshavik",     "country": "BY",     "coord": {       "lon": 27.5669,       "lat": 54.003601     }   },
  {     "id": 8256205,     "name": "Usjazh",     "country": "BY",     "coord": {       "lon": 28.006981,       "lat": 54.075981     }   },
  {     "id": 8256270,     "name": "Oktjabrskij",     "country": "BY",     "coord": {       "lon": 28.19813,       "lat": 54.040588     }   }
]