[
  {     "id": 609123,     "name": "Qulsary",     "country": "KZ",     "coord": {       "lon": 54.019779,       "lat": 46.953072     }   },
  {     "id": 610445,     "name": "Balyqshy",     "country": "KZ",     "coord": {       "lon": 51.866669,       "lat": 47.066669     }   },
  {     "id": 1521379,     "name": "Lenger",     "country": "KZ",     "coord": {       "lon": 69.883926,       "lat": 42.18301     }   },
  {     "id": 1524245,     "name": "Georgievka",     "country": "KZ",     "coord": {       "lon": 81.576111,       "lat": 49.33139     }   },
  {     "id": 610067,     "name": "Churbanov",     "country": "KZ",     "coord": {       "lon": 50.799999,       "lat": 51.349998     }   },
  {     "id": 1521977,     "name": "Orel",     "country": "KZ",     "coord": {       "lon": 68.330002,       "lat": 54.964722     }   },
  {     "id": 1522281,     "name": "Kopa",     "country": "KZ",     "coord": {       "lon": 75.833336,       "lat": 43.516666     }   },
  {     "id": 1517381,     "name": "Shyghys Qazaqstan Oblysy",     "country": "KZ",     "coord": {       "lon": 82,       "lat": 48.5     }   },
  {     "id": 1517060,     "name": "Zaysan",     "country": "KZ",     "coord": {       "lon": 84.866669,       "lat": 47.466671     }   },
  {     "id": 1520066,     "name": "Praporshchikovo",     "country": "KZ",     "coord": {       "lon": 82.433327,       "lat": 50.049999     }   },
  {     "id": 1526586,     "name": "Aktobe",     "country": "KZ",     "coord": {       "lon": 70.400002,       "lat": 43.466671     }   },
  {     "id": 1520789,     "name": "Mynaral",     "country": "KZ",     "coord": {       "lon": 73.684441,       "lat": 45.416111     }   },
  {     "id": 608679,     "name": "Oktyabrsk",     "country": "KZ",     "coord": {       "lon": 57.423328,       "lat": 49.474442     }   },
  {     "id": 609655,     "name": "Karagandy",     "country": "KZ",     "coord": {       "lon": 54.866669,       "lat": 50.066669     }   },
  {     "id": 609924,     "name": "Embi",     "country": "KZ",     "coord": {       "lon": 58.144169,       "lat": 48.826389     }   },
  {     "id": 610613,     "name": "Aqsay",     "country": "KZ",     "coord": {       "lon": 52.994999,       "lat": 51.167782     }   },
  {     "id": 1516519,     "name": "Zhosaly",     "country": "KZ",     "coord": {       "lon": 64.078056,       "lat": 45.487782     }   },
  {     "id": 1517323,     "name": "Zhangaqorghan",     "country": "KZ",     "coord": {       "lon": 67.248062,       "lat": 43.915001     }   },
  {     "id": 1518431,     "name": "Tasboget",     "country": "KZ",     "coord": {       "lon": 65.552498,       "lat": 44.772781     }   },
  {     "id": 1524308,     "name": "Energeticheskiy",     "country": "KZ",     "coord": {       "lon": 77.022217,       "lat": 43.42778     }   },
  {     "id": 1526168,     "name": "Arys",     "country": "KZ",     "coord": {       "lon": 68.794991,       "lat": 42.425228     }   },
  {     "id": 1526265,     "name": "Aral",     "country": "KZ",     "coord": {       "lon": 61.666672,       "lat": 46.799999     }   },
  {     "id": 1520947,     "name": "Sarykemer",     "country": "KZ",     "coord": {       "lon": 71.5,       "lat": 43     }   },
  {     "id": 609513,     "name": "Karpovo",     "country": "KZ",     "coord": {       "lon": 50.566666,       "lat": 51.466667     }   },
  {     "id": 609273,     "name": "Kopeni",     "country": "KZ",     "coord": {       "lon": 50.733334,       "lat": 51.450001     }   },
  {     "id": 607847,     "name": "Batys Qazaqstan Oblysy",     "country": "KZ",     "coord": {       "lon": 50,       "lat": 50     }   },
  {     "id": 608622,     "name": "Pervosovetskoe",     "country": "KZ",     "coord": {       "lon": 50.745834,       "lat": 51.431667     }   },
  {     "id": 608740,     "name": "Nizhne-Gremyachiy",     "country": "KZ",     "coord": {       "lon": 50.950001,       "lat": 51.349998     }   },
  {     "id": 610252,     "name": "Bokaushin",     "country": "KZ",     "coord": {       "lon": 51.016666,       "lat": 51.299999     }   },
  {     "id": 609524,     "name": "Kardon",     "country": "KZ",     "coord": {       "lon": 51.150002,       "lat": 51.25     }   },
  {     "id": 609753,     "name": "Kabankin",     "country": "KZ",     "coord": {       "lon": 51.233334,       "lat": 51.283333     }   },
  {     "id": 608696,     "name": "Novyy Derkul",     "country": "KZ",     "coord": {       "lon": 51.299999,       "lat": 51.25     }   },
  {     "id": 608668,     "name": "Oral",     "country": "KZ",     "coord": {       "lon": 51.366669,       "lat": 51.233334     }   },
  {     "id": 608602,     "name": "Podstepnoe",     "country": "KZ",     "coord": {       "lon": 51.483055,       "lat": 51.155277     }   },
  {     "id": 608838,     "name": "Melovoye",     "country": "KZ",     "coord": {       "lon": 51.483334,       "lat": 51.150002     }   },
  {     "id": 608713,     "name": "Novopavlovka",     "country": "KZ",     "coord": {       "lon": 51.683334,       "lat": 51.116669     }   },
  {     "id": 607788,     "name": "Uzynkol’",     "country": "KZ",     "coord": {       "lon": 51.700001,       "lat": 51     }   },
  {     "id": 610078,     "name": "Chubarkul’",     "country": "KZ",     "coord": {       "lon": 51.799999,       "lat": 50.983334     }   },
  {     "id": 607652,     "name": "Zhamankara",     "country": "KZ",     "coord": {       "lon": 51.866669,       "lat": 50.933334     }   },
  {     "id": 610506,     "name": "Aydas",     "country": "KZ",     "coord": {       "lon": 51.966667,       "lat": 50.950001     }   },
  {     "id": 609835,     "name": "Imeni Gazety Pravda",     "country": "KZ",     "coord": {       "lon": 52.083332,       "lat": 50.866669     }   },
  {     "id": 608246,     "name": "Sigzi",     "country": "KZ",     "coord": {       "lon": 52.200001,       "lat": 50.833332     }   },
  {     "id": 609092,     "name": "Kuperankaty",     "country": "KZ",     "coord": {       "lon": 52.216667,       "lat": 50.75     }   },
  {     "id": 610720,     "name": "Aksay",     "country": "KZ",     "coord": {       "lon": 52.433334,       "lat": 50.683334     }   },
  {     "id": 608811,     "name": "Molkuduk",     "country": "KZ",     "coord": {       "lon": 52.583332,       "lat": 50.666668     }   },
  {     "id": 609669,     "name": "Karabutak",     "country": "KZ",     "coord": {       "lon": 52.716667,       "lat": 50.549999     }   },
  {     "id": 608306,     "name": "Shiy",     "country": "KZ",     "coord": {       "lon": 52.766666,       "lat": 50.5     }   },
  {     "id": 610465,     "name": "Bakaly",     "country": "KZ",     "coord": {       "lon": 52.900002,       "lat": 50.400002     }   },
  {     "id": 610642,     "name": "Altyapan",     "country": "KZ",     "coord": {       "lon": 53.099998,       "lat": 50.25     }   },
  {     "id": 609213,     "name": "Kostobe",     "country": "KZ",     "coord": {       "lon": 53.266666,       "lat": 50.200001     }   },
  {     "id": 608468,     "name": "Sar-Kul’",     "country": "KZ",     "coord": {       "lon": 53.516666,       "lat": 50.049999     }   },
  {     "id": 609142,     "name": "Kugal",     "country": "KZ",     "coord": {       "lon": 53.599998,       "lat": 50.083332     }   },
  {     "id": 608887,     "name": "Mambet",     "country": "KZ",     "coord": {       "lon": 53.583332,       "lat": 50.033333     }   },
  {     "id": 609794,     "name": "Internatsional",     "country": "KZ",     "coord": {       "lon": 53.633331,       "lat": 50.066666     }   },
  {     "id": 610557,     "name": "Ashchisay",     "country": "KZ",     "coord": {       "lon": 53.866669,       "lat": 49.916668     }   },
  {     "id": 607545,     "name": "Zhigerlen",     "country": "KZ",     "coord": {       "lon": 53.925556,       "lat": 49.870556     }   },
  {     "id": 610511,     "name": "Aybulat",     "country": "KZ",     "coord": {       "lon": 54.283333,       "lat": 49.75     }   },
  {     "id": 607989,     "name": "Tobe-Kuduk",     "country": "KZ",     "coord": {       "lon": 54.283333,       "lat": 49.700001     }   },
  {     "id": 610094,     "name": "Chili",     "country": "KZ",     "coord": {       "lon": 54.349998,       "lat": 49.533333     }   },
  {     "id": 610307,     "name": "Bessay",     "country": "KZ",     "coord": {       "lon": 54.566666,       "lat": 49.466667     }   },
  {     "id": 608019,     "name": "Terekty",     "country": "KZ",     "coord": {       "lon": 54.666668,       "lat": 49.466667     }   },
  {     "id": 609968,     "name": "Dzhandy-Say",     "country": "KZ",     "coord": {       "lon": 54.833332,       "lat": 49.299999     }   },
  {     "id": 608354,     "name": "Shanke",     "country": "KZ",     "coord": {       "lon": 55,       "lat": 49.166668     }   },
  {     "id": 609702,     "name": "Kandagach",     "country": "KZ",     "coord": {       "lon": 55.349998,       "lat": 48.933334     }   },
  {     "id": 610688,     "name": "Aktyubinskaya Oblast’",     "country": "KZ",     "coord": {       "lon": 58,       "lat": 48     }   },
  {     "id": 608073,     "name": "Taskopa",     "country": "KZ",     "coord": {       "lon": 55.581944,       "lat": 48.853611     }   },
  {     "id": 610386,     "name": "Bayganin",     "country": "KZ",     "coord": {       "lon": 55.874168,       "lat": 48.694721     }   },
  {     "id": 608452,     "name": "Sar-Tyube",     "country": "KZ",     "coord": {       "lon": 56.116669,       "lat": 48.633331     }   },
  {     "id": 609928,     "name": "Egindy-Bulak",     "country": "KZ",     "coord": {       "lon": 56.349998,       "lat": 48.433334     }   },
  {     "id": 863525,     "name": "Sarykol’",     "country": "KZ",     "coord": {       "lon": 56.633888,       "lat": 48.230831     }   },
  {     "id": 608967,     "name": "Kzyl-Choke",     "country": "KZ",     "coord": {       "lon": 56.766666,       "lat": 48.200001     }   },
  {     "id": 608455,     "name": "Sartumsuk",     "country": "KZ",     "coord": {       "lon": 56.799999,       "lat": 48.150002     }   },
  {     "id": 610376,     "name": "Baysary-Sagasy",     "country": "KZ",     "coord": {       "lon": 56.833332,       "lat": 48.099998     }   },
  {     "id": 609191,     "name": "Kozha-Tugay",     "country": "KZ",     "coord": {       "lon": 57.166668,       "lat": 48.133331     }   },
  {     "id": 609991,     "name": "Dzhaindy",     "country": "KZ",     "coord": {       "lon": 57.75,       "lat": 47.766666     }   },
  {     "id": 608281,     "name": "Shoshkakol’",     "country": "KZ",     "coord": {       "lon": 57.833332,       "lat": 47.183334     }   },
  {     "id": 607706,     "name": "Yunyy",     "country": "KZ",     "coord": {       "lon": 58.933334,       "lat": 47.066666     }   },
  {     "id": 610513,     "name": "Ayakkum",     "country": "KZ",     "coord": {       "lon": 59.166668,       "lat": 46.716667     }   },
  {     "id": 608317,     "name": "Shiganak",     "country": "KZ",     "coord": {       "lon": 59.5,       "lat": 46.283333     }   },
  {     "id": 1521406,     "name": "Qyzylorda Oblysy",     "country": "KZ",     "coord": {       "lon": 65,       "lat": 45     }   },
  {     "id": 1526887,     "name": "Aqbasty",     "country": "KZ",     "coord": {       "lon": 60.087776,       "lat": 46.265278     }   },
  {     "id": 1525999,     "name": "Avan",     "country": "KZ",     "coord": {       "lon": 60.166668,       "lat": 46.266666     }   },
  {     "id": 1517529,     "name": "Uzynkair",     "country": "KZ",     "coord": {       "lon": 60.900002,       "lat": 45.716667     }   },
  {     "id": 1522949,     "name": "Kaskakulan",     "country": "KZ",     "coord": {       "lon": 60.983334,       "lat": 45.666668     }   },
  {     "id": 1521975,     "name": "Krasnyy Rybak",     "country": "KZ",     "coord": {       "lon": 61.599998,       "lat": 45.183334     }   },
  {     "id": 1517530,     "name": "Uzynkair",     "country": "KZ",     "coord": {       "lon": 61.316666,       "lat": 44.700001     }   },
  {     "id": 1537162,     "name": "Almaty Oblysy",     "country": "KZ",     "coord": {       "lon": 78,       "lat": 44.5     }   },
  {     "id": 1516476,     "name": "Zhygerly",     "country": "KZ",     "coord": {       "lon": 67.800003,       "lat": 48.150002     }   },
  {     "id": 1521671,     "name": "Qostanay Oblysy",     "country": "KZ",     "coord": {       "lon": 64,       "lat": 51.5     }   },
  {     "id": 1523157,     "name": "Karasu",     "country": "KZ",     "coord": {       "lon": 65.033333,       "lat": 50.033333     }   },
  {     "id": 609180,     "name": "Krasnoyanov",     "country": "KZ",     "coord": {       "lon": 50.733334,       "lat": 51.450001     }   },
  {     "id": 610301,     "name": "Besterk",     "country": "KZ",     "coord": {       "lon": 50.033333,       "lat": 49.933334     }   },
  {     "id": 608195,     "name": "Sor-Togay",     "country": "KZ",     "coord": {       "lon": 57.75,       "lat": 48.233334     }   },
  {     "id": 1521497,     "name": "Kyzylorak",     "country": "KZ",     "coord": {       "lon": 65,       "lat": 45.049999     }   },
  {     "id": 1539912,     "name": "Koktobe",     "country": "KZ",     "coord": {       "lon": 76.976387,       "lat": 43.25     }   },
  {     "id": 1517384,     "name": "Voskresenovka",     "country": "KZ",     "coord": {       "lon": 68.470833,       "lat": 54.880833     }   },
  {     "id": 1519367,     "name": "Severo-Kazakhstanskaya Oblast’",     "country": "KZ",     "coord": {       "lon": 70,       "lat": 54     }   },
  {     "id": 1521153,     "name": "Mamlyutka",     "country": "KZ",     "coord": {       "lon": 68.539444,       "lat": 54.9375     }   },
  {     "id": 1520172,     "name": "Petropavlovsk",     "country": "KZ",     "coord": {       "lon": 69.162781,       "lat": 54.875278     }   },
  {     "id": 1522203,     "name": "Kokshetau",     "country": "KZ",     "coord": {       "lon": 69.388336,       "lat": 53.2775     }   },
  {     "id": 1519244,     "name": "Shchuchinsk",     "country": "KZ",     "coord": {       "lon": 70.199997,       "lat": 52.933334     }   },
  {     "id": 1517185,     "name": "Yernazar",     "country": "KZ",     "coord": {       "lon": 70.699997,       "lat": 52.016666     }   },
  {     "id": 1525801,     "name": "Ballastnyy",     "country": "KZ",     "coord": {       "lon": 73.23333,       "lat": 50.066666     }   },
  {     "id": 1520927,     "name": "Min’kovskoye",     "country": "KZ",     "coord": {       "lon": 73.26667,       "lat": 50.016666     }   },
  {     "id": 1523401,     "name": "Qaraghandy Oblysy",     "country": "KZ",     "coord": {       "lon": 72,       "lat": 48     }   },
  {     "id": 1519942,     "name": "Qaraghandy",     "country": "KZ",     "coord": {       "lon": 73.099442,       "lat": 49.798889     }   },
  {     "id": 1517824,     "name": "Uglerazrez",     "country": "KZ",     "coord": {       "lon": 73.066666,       "lat": 49.766666     }   },
  {     "id": 1484165,     "name": "Taldykuduk",     "country": "KZ",     "coord": {       "lon": 73.008331,       "lat": 49.663891     }   },
  {     "id": 1518803,     "name": "Stantsiya Kzyl",     "country": "KZ",     "coord": {       "lon": 72.966667,       "lat": 49.633331     }   },
  {     "id": 1523469,     "name": "Qarabas",     "country": "KZ",     "coord": {       "lon": 72.89389,       "lat": 49.573334     }   },
  {     "id": 1521902,     "name": "Kulaygyr",     "country": "KZ",     "coord": {       "lon": 72.919724,       "lat": 49.421665     }   },
  {     "id": 1517127,     "name": "Yuzhnyy",     "country": "KZ",     "coord": {       "lon": 72.900558,       "lat": 49.355831     }   },
  {     "id": 1523246,     "name": "Kara-Murun",     "country": "KZ",     "coord": {       "lon": 72.98333,       "lat": 49.233334     }   },
  {     "id": 1520844,     "name": "Moyynty",     "country": "KZ",     "coord": {       "lon": 73.366943,       "lat": 47.221111     }   },
  {     "id": 1519563,     "name": "Saryshaghan",     "country": "KZ",     "coord": {       "lon": 73.619164,       "lat": 46.119167     }   },
  {     "id": 1524444,     "name": "Zhambyl Oblysy",     "country": "KZ",     "coord": {       "lon": 72,       "lat": 44     }   },
  {     "id": 1518981,     "name": "Shyghanaq",     "country": "KZ",     "coord": {       "lon": 73.985275,       "lat": 45.106388     }   },
  {     "id": 1519030,     "name": "Shu",     "country": "KZ",     "coord": {       "lon": 73.761391,       "lat": 43.598331     }   },
  {     "id": 1524294,     "name": "Espe",     "country": "KZ",     "coord": {       "lon": 74.166664,       "lat": 43.866669     }   },
  {     "id": 1518598,     "name": "Talapker",     "country": "KZ",     "coord": {       "lon": 74.550003,       "lat": 43.883331     }   },
  {     "id": 1517252,     "name": "Bereke",     "country": "KZ",     "coord": {       "lon": 76.708336,       "lat": 43.368889     }   },
  {     "id": 1522549,     "name": "Kokozek",     "country": "KZ",     "coord": {       "lon": 76.768059,       "lat": 43.3475     }   },
  {     "id": 1539964,     "name": "Aksengir",     "country": "KZ",     "coord": {       "lon": 76.826111,       "lat": 43.353333     }   },
  {     "id": 1524958,     "name": "Burunday",     "country": "KZ",     "coord": {       "lon": 76.85778,       "lat": 43.360279     }   },
  {     "id": 1539963,     "name": "Spetsgorodok",     "country": "KZ",     "coord": {       "lon": 76.885277,       "lat": 43.34     }   },
  {     "id": 1526395,     "name": "Almaty Qalasy",     "country": "KZ",     "coord": {       "lon": 76.916664,       "lat": 43.066666     }   },
  {     "id": 1539962,     "name": "Karasu",     "country": "KZ",     "coord": {       "lon": 76.916389,       "lat": 43.341946     }   },
  {     "id": 1526384,     "name": "Almaty",     "country": "KZ",     "coord": {       "lon": 76.949997,       "lat": 43.25     }   },
  {     "id": 1524193,     "name": "Gornyy Gigant",     "country": "KZ",     "coord": {       "lon": 76.883331,       "lat": 43.233334     }   },
  {     "id": 1522192,     "name": "Pryamoy Put’",     "country": "KZ",     "coord": {       "lon": 76.760834,       "lat": 43.236111     }   },
  {     "id": 1539965,     "name": "Madeniyet",     "country": "KZ",     "coord": {       "lon": 76.815834,       "lat": 43.340557     }   },
  {     "id": 1539966,     "name": "Aksengir",     "country": "KZ",     "coord": {       "lon": 76.760002,       "lat": 43.359165     }   },
  {     "id": 1518789,     "name": "Staryy Otar",     "country": "KZ",     "coord": {       "lon": 75.470833,       "lat": 43.322498     }   },
  {     "id": 1521133,     "name": "Mankent",     "country": "KZ",     "coord": {       "lon": 69.833336,       "lat": 42.416668     }   },
  {     "id": 1517115,     "name": "Zadar’ya",     "country": "KZ",     "coord": {       "lon": 68.783333,       "lat": 42.400002     }   },
  {     "id": 1520133,     "name": "Pobeda",     "country": "KZ",     "coord": {       "lon": 65.933334,       "lat": 44.700001     }   },
  {     "id": 608359,     "name": "Shalqar",     "country": "KZ",     "coord": {       "lon": 59.599998,       "lat": 47.833332     }   },
  {     "id": 610331,     "name": "Berchogur",     "country": "KZ",     "coord": {       "lon": 58.551388,       "lat": 48.459442     }   },
  {     "id": 610658,     "name": "Algha",     "country": "KZ",     "coord": {       "lon": 57.334999,       "lat": 49.902779     }   },
  {     "id": 609912,     "name": "Ferrosplav",     "country": "KZ",     "coord": {       "lon": 57.133331,       "lat": 50.333332     }   },
  {     "id": 608393,     "name": "Semīglavyy Mar",     "country": "KZ",     "coord": {       "lon": 50.05389,       "lat": 51.194443     }   },
  {     "id": 608699,     "name": "Novovvedenka",     "country": "KZ",     "coord": {       "lon": 58.599171,       "lat": 51.016392     }   },
  {     "id": 1518468,     "name": "Taran",     "country": "KZ",     "coord": {       "lon": 76.270279,       "lat": 43.35833     }   },
  {     "id": 1517643,     "name": "Ushshoky",     "country": "KZ",     "coord": {       "lon": 61.216671,       "lat": 46.5     }   },
  {     "id": 607639,     "name": "Zhanakanys",     "country": "KZ",     "coord": {       "lon": 59.400002,       "lat": 47.533329     }   },
  {     "id": 1525925,     "name": "Aynabulaq",     "country": "KZ",     "coord": {       "lon": 77.933327,       "lat": 44.599998     }   },
  {     "id": 1524787,     "name": "Yuzhno-Kazakhstanskaya Oblast’",     "country": "KZ",     "coord": {       "lon": 68,       "lat": 43     }   },
  {     "id": 7536148,     "name": "Priozersk",     "country": "KZ",     "coord": {       "lon": 73.702469,       "lat": 46.031059     }   },
  {     "id": 1516905,     "name": "Taraz",     "country": "KZ",     "coord": {       "lon": 71.366669,       "lat": 42.900002     }   },
  {     "id": 609862,     "name": "Atyraū Oblysy",     "country": "KZ",     "coord": {       "lon": 52,       "lat": 47     }   },
  {     "id": 610529,     "name": "Atyrau",     "country": "KZ",     "coord": {       "lon": 51.883331,       "lat": 47.116669     }   },
  {     "id": 1520239,     "name": "Pavlodar Oblysy",     "country": "KZ",     "coord": {       "lon": 76,       "lat": 52     }   },
  {     "id": 1520240,     "name": "Pavlodar",     "country": "KZ",     "coord": {       "lon": 76.949997,       "lat": 52.299999     }   },
  {     "id": 1517243,     "name": "Seyfūllīn",     "country": "KZ",     "coord": {       "lon": 69.026672,       "lat": 53.534721     }   },
  {     "id": 1538317,     "name": "Astana Qalasy",     "country": "KZ",     "coord": {       "lon": 71.5,       "lat": 51.166672     }   },
  {     "id": 1526273,     "name": "Astana",     "country": "KZ",     "coord": {       "lon": 71.445976,       "lat": 51.180099     }   },
  {     "id": 1526269,     "name": "Aqtau",     "country": "KZ",     "coord": {       "lon": 73.062782,       "lat": 50.236671     }   },
  {     "id": 1524325,     "name": "Ekibastuz",     "country": "KZ",     "coord": {       "lon": 75.366669,       "lat": 51.666672     }   },
  {     "id": 1518262,     "name": "Temirtau",     "country": "KZ",     "coord": {       "lon": 72.948334,       "lat": 50.05444     }   },
  {     "id": 1519422,     "name": "Semey",     "country": "KZ",     "coord": {       "lon": 80.227501,       "lat": 50.41111     }   },
  {     "id": 1526021,     "name": "Bakyrshik",     "country": "KZ",     "coord": {       "lon": 81.583611,       "lat": 49.71611     }   },
  {     "id": 1524815,     "name": "Zhibek Zholy",     "country": "KZ",     "coord": {       "lon": 69.361671,       "lat": 41.474171     }   },
  {     "id": 1520885,     "name": "Kurchatov",     "country": "KZ",     "coord": {       "lon": 78.540001,       "lat": 50.756672     }   },
  {     "id": 1519922,     "name": "Qyzylorda",     "country": "KZ",     "coord": {       "lon": 65.509171,       "lat": 44.852779     }   },
  {     "id": 1519395,     "name": "Serebryansk",     "country": "KZ",     "coord": {       "lon": 83.289169,       "lat": 49.692501     }   },
  {     "id": 1526970,     "name": "Abay",     "country": "KZ",     "coord": {       "lon": 72.853889,       "lat": 49.631111     }   },
  {     "id": 1521315,     "name": "Lisakovsk",     "country": "KZ",     "coord": {       "lon": 62.49361,       "lat": 52.536942     }   },
  {     "id": 1516601,     "name": "Zhetiqara",     "country": "KZ",     "coord": {       "lon": 61.200562,       "lat": 52.19083     }   },
  {     "id": 1517501,     "name": "Turar Ryskulov",     "country": "KZ",     "coord": {       "lon": 70.333328,       "lat": 42.533329     }   },
  {     "id": 1516589,     "name": "Zhezqazghan",     "country": "KZ",     "coord": {       "lon": 67.76667,       "lat": 47.783329     }   },
  {     "id": 1519948,     "name": "Qapshaghay",     "country": "KZ",     "coord": {       "lon": 77.083328,       "lat": 43.883331     }   },
  {     "id": 609575,     "name": "Karashyganak",     "country": "KZ",     "coord": {       "lon": 53.384998,       "lat": 51.452221     }   },
  {     "id": 1520296,     "name": "Otrar",     "country": "KZ",     "coord": {       "lon": 68.26667,       "lat": 42.76667     }   },
  {     "id": 1535785,     "name": "Dostyk",     "country": "KZ",     "coord": {       "lon": 76.650833,       "lat": 52.781109     }   },
  {     "id": 1521370,     "name": "Ridder",     "country": "KZ",     "coord": {       "lon": 83.513329,       "lat": 50.355     }   },
  {     "id": 1532954,     "name": "Pobeda",     "country": "KZ",     "coord": {       "lon": 75.260559,       "lat": 53.48333     }   },
  {     "id": 1519931,     "name": "Qaskeleng",     "country": "KZ",     "coord": {       "lon": 76.622223,       "lat": 43.200279     }   },
  {     "id": 1516438,     "name": "Zyryanovsk",     "country": "KZ",     "coord": {       "lon": 84.271942,       "lat": 49.738609     }   },
  {     "id": 609404,     "name": "Khromtau",     "country": "KZ",     "coord": {       "lon": 58.434719,       "lat": 50.250278     }   },
  {     "id": 1520381,     "name": "Ordzhonikidze",     "country": "KZ",     "coord": {       "lon": 61.740829,       "lat": 52.441109     }   },
  {     "id": 1518518,     "name": "Talghar",     "country": "KZ",     "coord": {       "lon": 77.23278,       "lat": 43.30444     }   },
  {     "id": 1523605,     "name": "Qalqaman",     "country": "KZ",     "coord": {       "lon": 76.021111,       "lat": 51.952499     }   },
  {     "id": 1524298,     "name": "Aqsu",     "country": "KZ",     "coord": {       "lon": 76.916672,       "lat": 52.033329     }   },
  {     "id": 1518003,     "name": "Aqmola Oblysy",     "country": "KZ",     "coord": {       "lon": 70,       "lat": 51.5     }   },
  {     "id": 1537939,     "name": "Stepnogorsk",     "country": "KZ",     "coord": {       "lon": 71.88694,       "lat": 52.354439     }   },
  {     "id": 1525798,     "name": "Balqash",     "country": "KZ",     "coord": {       "lon": 74.995003,       "lat": 46.848061     }   },
  {     "id": 1520316,     "name": "Ust-Kamenogorsk",     "country": "KZ",     "coord": {       "lon": 82.610283,       "lat": 49.978889     }   },
  {     "id": 1526482,     "name": "Alatau",     "country": "KZ",     "coord": {       "lon": 77.14444,       "lat": 43.357498     }   },
  {     "id": 1517671,     "name": "Usharal",     "country": "KZ",     "coord": {       "lon": 76.849998,       "lat": 44.23333     }   },
  {     "id": 1517945,     "name": "Turkestan",     "country": "KZ",     "coord": {       "lon": 68.25,       "lat": 43.333328     }   },
  {     "id": 1519928,     "name": "Qostanay",     "country": "KZ",     "coord": {       "lon": 63.583328,       "lat": 53.166672     }   },
  {     "id": 608613,     "name": "Petrovo",     "country": "KZ",     "coord": {       "lon": 52.24194,       "lat": 51.542221     }   },
  {     "id": 608879,     "name": "Mangistauskaya Oblast’",     "country": "KZ",     "coord": {       "lon": 54,       "lat": 44     }   },
  {     "id": 607610,     "name": "Zhanaozen",     "country": "KZ",     "coord": {       "lon": 52.799999,       "lat": 43.299999     }   },
  {     "id": 1520692,     "name": "Sätbaev",     "country": "KZ",     "coord": {       "lon": 67.543327,       "lat": 47.904171     }   },
  {     "id": 610611,     "name": "Aqtobe",     "country": "KZ",     "coord": {       "lon": 57.20718,       "lat": 50.27969     }   },
  {     "id": 1519844,     "name": "Rūdnīchnyy",     "country": "KZ",     "coord": {       "lon": 78.904716,       "lat": 44.67194     }   },
  {     "id": 607517,     "name": "Zhuldyz",     "country": "KZ",     "coord": {       "lon": 49.48167,       "lat": 49.274719     }   },
  {     "id": 1516789,     "name": "Ayteke Bi",     "country": "KZ",     "coord": {       "lon": 62.156109,       "lat": 45.853611     }   },
  {     "id": 1518296,     "name": "Tekeli",     "country": "KZ",     "coord": {       "lon": 78.823891,       "lat": 44.830002     }   },
  {     "id": 610655,     "name": "Alimbek",     "country": "KZ",     "coord": {       "lon": 49.973061,       "lat": 49.687778     }   },
  {     "id": 1522751,     "name": "Kentau",     "country": "KZ",     "coord": {       "lon": 68.509399,       "lat": 43.520611     }   },
  {     "id": 608422,     "name": "Saule",     "country": "KZ",     "coord": {       "lon": 53.195831,       "lat": 49.380829     }   },
  {     "id": 1526038,     "name": "Atbasar",     "country": "KZ",     "coord": {       "lon": 68.333328,       "lat": 51.799999     }   },
  {     "id": 1519938,     "name": "Karatau",     "country": "KZ",     "coord": {       "lon": 70.466667,       "lat": 43.166672     }   },
  {     "id": 1526547,     "name": "Aqzhal",     "country": "KZ",     "coord": {       "lon": 74.034721,       "lat": 47.764439     }   },
  {     "id": 1520536,     "name": "Novotroitskoye",     "country": "KZ",     "coord": {       "lon": 73.758331,       "lat": 43.683331     }   },
  {     "id": 1517047,     "name": "Zerenda",     "country": "KZ",     "coord": {       "lon": 69.152779,       "lat": 52.90556     }   },
  {     "id": 609906,     "name": "Fort-Shevchenko",     "country": "KZ",     "coord": {       "lon": 50.262959,       "lat": 44.508629     }   },
  {     "id": 1524801,     "name": "Shieli",     "country": "KZ",     "coord": {       "lon": 66.75,       "lat": 44.166672     }   },
  {     "id": 1524478,     "name": "Dzhalagash",     "country": "KZ",     "coord": {       "lon": 64.666672,       "lat": 45.083328     }   },
  {     "id": 610686,     "name": "Aqzhayyq",     "country": "KZ",     "coord": {       "lon": 51.583328,       "lat": 50.666672     }   },
  {     "id": 1523741,     "name": "Esik",     "country": "KZ",     "coord": {       "lon": 77.452454,       "lat": 43.355202     }   },
  {     "id": 1518156,     "name": "Temir",     "country": "KZ",     "coord": {       "lon": 68.432503,       "lat": 42.82     }   },
  {     "id": 609919,     "name": "Kuryk",     "country": "KZ",     "coord": {       "lon": 51.650002,       "lat": 43.200001     }   },
  {     "id": 1534162,     "name": "Altay",     "country": "KZ",     "coord": {       "lon": 84.609169,       "lat": 48.83083     }   },
  {     "id": 1521757,     "name": "Kurday",     "country": "KZ",     "coord": {       "lon": 75.01194,       "lat": 43.613609     }   },
  {     "id": 1516726,     "name": "Zharkyn",     "country": "KZ",     "coord": {       "lon": 72.375,       "lat": 54.138889     }   },
  {     "id": 609509,     "name": "Kartashëv",     "country": "KZ",     "coord": {       "lon": 48.933331,       "lat": 50.5     }   },
  {     "id": 1540859,     "name": "Otegen Batyr",     "country": "KZ",     "coord": {       "lon": 77.050003,       "lat": 43.333328     }   },
  {     "id": 8062231,     "name": "Ashi",     "country": "KZ",     "coord": {       "lon": 69.921982,       "lat": 42.205929     }   },
  {     "id": 1524296,     "name": "Esil",     "country": "KZ",     "coord": {       "lon": 66.404167,       "lat": 51.955559     }   },
  {     "id": 1519051,     "name": "Shortandy",     "country": "KZ",     "coord": {       "lon": 72.497223,       "lat": 50.78833     }   },
  {     "id": 608915,     "name": "Makhambet",     "country": "KZ",     "coord": {       "lon": 51.583328,       "lat": 47.666672     }   },
  {     "id": 1539940,     "name": "Daulet",     "country": "KZ",     "coord": {       "lon": 77.102501,       "lat": 43.619171     }   },
  {     "id": 1521230,     "name": "Makinsk",     "country": "KZ",     "coord": {       "lon": 70.416939,       "lat": 52.629169     }   },
  {     "id": 1524230,     "name": "Aqbastaū",     "country": "KZ",     "coord": {       "lon": 69.669441,       "lat": 42.90361     }   },
  {     "id": 1524302,     "name": "Yereymentau",     "country": "KZ",     "coord": {       "lon": 73.106941,       "lat": 51.621391     }   },
  {     "id": 1517637,     "name": "Ush-Tyube",     "country": "KZ",     "coord": {       "lon": 77.982224,       "lat": 45.242222     }   },
  {     "id": 1520327,     "name": "Osakarovka",     "country": "KZ",     "coord": {       "lon": 72.569168,       "lat": 50.564999     }   },
  {     "id": 607843,     "name": "Orda",     "country": "KZ",     "coord": {       "lon": 47.428329,       "lat": 48.769718     }   },
  {     "id": 610298,     "name": "Beyneu",     "country": "KZ",     "coord": {       "lon": 55.200001,       "lat": 45.316669     }   },
  {     "id": 1519673,     "name": "Saryaghash",     "country": "KZ",     "coord": {       "lon": 69.166672,       "lat": 41.450001     }   },
  {     "id": 1519580,     "name": "Saryozek",     "country": "KZ",     "coord": {       "lon": 77.975281,       "lat": 44.35833     }   },
  {     "id": 608324,     "name": "Shetpe",     "country": "KZ",     "coord": {       "lon": 52.116669,       "lat": 44.166672     }   },
  {     "id": 610242,     "name": "Baldyrgan",     "country": "KZ",     "coord": {       "lon": 49.259171,       "lat": 49.154999     }   },
  {     "id": 1518543,     "name": "Taldyqorghan",     "country": "KZ",     "coord": {       "lon": 77.916672,       "lat": 45     }   },
  {     "id": 1526193,     "name": "Arkalyk",     "country": "KZ",     "coord": {       "lon": 66.911392,       "lat": 50.248611     }   },
  {     "id": 1520969,     "name": "Merke",     "country": "KZ",     "coord": {       "lon": 73.178612,       "lat": 42.87278     }   },
  {     "id": 1539952,     "name": "Zhanaarka",     "country": "KZ",     "coord": {       "lon": 77.022217,       "lat": 43.613331     }   },
  {     "id": 1524606,     "name": "Derzhavinsk",     "country": "KZ",     "coord": {       "lon": 66.316673,       "lat": 51.099998     }   },
  {     "id": 1519327,     "name": "Shakhtīnsk",     "country": "KZ",     "coord": {       "lon": 72.587219,       "lat": 49.709999     }   },
  {     "id": 1520253,     "name": "Zharkent",     "country": "KZ",     "coord": {       "lon": 80,       "lat": 44.162781     }   },
  {     "id": 1519226,     "name": "Shemonaikha",     "country": "KZ",     "coord": {       "lon": 81.905563,       "lat": 50.632778     }   },
  {     "id": 1538316,     "name": "Bayqongyr Qalasy",     "country": "KZ",     "coord": {       "lon": 63.333328,       "lat": 45.666672     }   },
  {     "id": 1521368,     "name": "Baykonyr",     "country": "KZ",     "coord": {       "lon": 63.316669,       "lat": 45.616669     }   },
  {     "id": 1522061,     "name": "Kenes",     "country": "KZ",     "coord": {       "lon": 75.559441,       "lat": 53.23333     }   },
  {     "id": 1518139,     "name": "Tobol",     "country": "KZ",     "coord": {       "lon": 62.579441,       "lat": 52.684441     }   },
  {     "id": 1525014,     "name": "Bulaevo",     "country": "KZ",     "coord": {       "lon": 70.443893,       "lat": 54.90556     }   },
  {     "id": 1521422,     "name": "Kyzylzhar",     "country": "KZ",     "coord": {       "lon": 76.683327,       "lat": 52.450001     }   },
  {     "id": 1525624,     "name": "Saūdakent",     "country": "KZ",     "coord": {       "lon": 69.918892,       "lat": 43.737782     }   },
  {     "id": 1519934,     "name": "Qarqaraly",     "country": "KZ",     "coord": {       "lon": 75.474167,       "lat": 49.40583     }   },
  {     "id": 1520561,     "name": "Kasymbek",     "country": "KZ",     "coord": {       "lon": 76.431938,       "lat": 43.25111     }   },
  {     "id": 1525490,     "name": "Belusovka",     "country": "KZ",     "coord": {       "lon": 82.523888,       "lat": 50.133888     }   },
  {     "id": 1519843,     "name": "Rudnyy",     "country": "KZ",     "coord": {       "lon": 63.12056,       "lat": 52.959438     }   },
  {     "id": 1519386,     "name": "Sergeyevka",     "country": "KZ",     "coord": {       "lon": 63.18861,       "lat": 52.955002     }   },
  {     "id": 1522642,     "name": "Balpyk Bi",     "country": "KZ",     "coord": {       "lon": 78.208328,       "lat": 44.894718     }   },
  {     "id": 1516854,     "name": "Zhanama",     "country": "KZ",     "coord": {       "lon": 80.76667,       "lat": 46.200001     }   },
  {     "id": 1517136,     "name": "Yrghyz",     "country": "KZ",     "coord": {       "lon": 61.26667,       "lat": 48.616669     }   },
  {     "id": 1519924,     "name": "Qusmuryn",     "country": "KZ",     "coord": {       "lon": 64.631111,       "lat": 52.450279     }   },
  {     "id": 1525650,     "name": "Bayanauyl",     "country": "KZ",     "coord": {       "lon": 75.695557,       "lat": 50.788891     }   },
  {     "id": 1524227,     "name": "Glubokoye",     "country": "KZ",     "coord": {       "lon": 82.311394,       "lat": 50.145561     }   },
  {     "id": 1516968,     "name": "Zhalpaktobe",     "country": "KZ",     "coord": {       "lon": 71.433327,       "lat": 42.866669     }   },
  {     "id": 1522605,     "name": "Kievka",     "country": "KZ",     "coord": {       "lon": 71.551392,       "lat": 50.26194     }   },
  {     "id": 1518266,     "name": "Temirlanovka",     "country": "KZ",     "coord": {       "lon": 69.263329,       "lat": 42.599442     }   },
  {     "id": 1518980,     "name": "Shymkent",     "country": "KZ",     "coord": {       "lon": 69.599998,       "lat": 42.299999     }   },
  {     "id": 1535595,     "name": "Enbekbirlik",     "country": "KZ",     "coord": {       "lon": 69.35556,       "lat": 53.054169     }   },
  {     "id": 609953,     "name": "Zhanibek",     "country": "KZ",     "coord": {       "lon": 46.849998,       "lat": 49.416672     }   },
  {     "id": 1517539,     "name": "Uzynagash",     "country": "KZ",     "coord": {       "lon": 64.301666,       "lat": 54.324169     }   },
  {     "id": 1519935,     "name": "Qarazhal",     "country": "KZ",     "coord": {       "lon": 70.790283,       "lat": 48.007778     }   },
  {     "id": 608629,     "name": "Peremetnoe",     "country": "KZ",     "coord": {       "lon": 50.816669,       "lat": 51.183331     }   },
  {     "id": 1516788,     "name": "Zhangatas",     "country": "KZ",     "coord": {       "lon": 69.75,       "lat": 43.566669     }   },
  {     "id": 1521192,     "name": "Malinovka",     "country": "KZ",     "coord": {       "lon": 78.23333,       "lat": 52.416672     }   },
  {     "id": 1517743,     "name": "Ulytaū",     "country": "KZ",     "coord": {       "lon": 67.002777,       "lat": 48.654442     }   },
  {     "id": 1526619,     "name": "Aqtas",     "country": "KZ",     "coord": {       "lon": 72.960831,       "lat": 49.778889     }   },
  {     "id": 1517869,     "name": "Tömenaryq",     "country": "KZ",     "coord": {       "lon": 67.016937,       "lat": 44.03056     }   },
  {     "id": 1526055,     "name": "Asubulaq",     "country": "KZ",     "coord": {       "lon": 83.055832,       "lat": 49.558331     }   },
  {     "id": 610260,     "name": "Bogdanovka",     "country": "KZ",     "coord": {       "lon": 52.136108,       "lat": 51.064442     }   },
  {     "id": 608932,     "name": "Lubenka",     "country": "KZ",     "coord": {       "lon": 54.124722,       "lat": 50.441669     }   },
  {     "id": 610622,     "name": "Angqaty",     "country": "KZ",     "coord": {       "lon": 51.547218,       "lat": 50.736111     }   },
  {     "id": 856938,     "name": "Aksuat",     "country": "KZ",     "coord": {       "lon": 48.94278,       "lat": 49.605831     }   },
  {     "id": 1525771,     "name": "Bannovka",     "country": "KZ",     "coord": {       "lon": 62.953892,       "lat": 53.726109     }   },
  {     "id": 1520178,     "name": "Peshkovka",     "country": "KZ",     "coord": {       "lon": 62.40361,       "lat": 53.728329     }   },
  {     "id": 1520747,     "name": "Narynkol",     "country": "KZ",     "coord": {       "lon": 80.178329,       "lat": 42.72583     }   },
  {     "id": 1524849,     "name": "Cheremshanka",     "country": "KZ",     "coord": {       "lon": 83.933327,       "lat": 49.383331     }   },
  {     "id": 609707,     "name": "Qamysty",     "country": "KZ",     "coord": {       "lon": 47.183331,       "lat": 49.816669     }   },
  {     "id": 1524889,     "name": "Shardara",     "country": "KZ",     "coord": {       "lon": 67.96917,       "lat": 41.254719     }   },
  {     "id": 1525465,     "name": "Belterek",     "country": "KZ",     "coord": {       "lon": 80.73056,       "lat": 49.22583     }   },
  {     "id": 1520859,     "name": "Moskovka",     "country": "KZ",     "coord": {       "lon": 69.711388,       "lat": 53.73806     }   },
  {     "id": 1525617,     "name": "Baykoshkar",     "country": "KZ",     "coord": {       "lon": 78.754723,       "lat": 48.396671     }   },
  {     "id": 1520061,     "name": "Predgornoe",     "country": "KZ",     "coord": {       "lon": 82.225563,       "lat": 50.244438     }   },
  {     "id": 1536935,     "name": "Chinar",     "country": "KZ",     "coord": {       "lon": 69.798889,       "lat": 41.835831     }   },
  {     "id": 1526610,     "name": "Aqtasty",     "country": "KZ",     "coord": {       "lon": 72.205833,       "lat": 50.74778     }   },
  {     "id": 1519633,     "name": "Sarybulakskiy",     "country": "KZ",     "coord": {       "lon": 77.650002,       "lat": 44.400002     }   },
  {     "id": 610189,     "name": "Bulak",     "country": "KZ",     "coord": {       "lon": 50.216671,       "lat": 50.183331     }   },
  {     "id": 1520386,     "name": "Orakbalga",     "country": "KZ",     "coord": {       "lon": 74.566673,       "lat": 45.400002     }   },
  {     "id": 1516527,     "name": "Zholymbet",     "country": "KZ",     "coord": {       "lon": 71.712219,       "lat": 51.743328     }   },
  {     "id": 1523768,     "name": "Ertis",     "country": "KZ",     "coord": {       "lon": 75.457222,       "lat": 53.333328     }   },
  {     "id": 1516634,     "name": "Zhelezinka",     "country": "KZ",     "coord": {       "lon": 75.30722,       "lat": 53.540001     }   },
  {     "id": 1520897,     "name": "Moinkum",     "country": "KZ",     "coord": {       "lon": 74.333893,       "lat": 43.598331     }   },
  {     "id": 609915,     "name": "Fedorovka",     "country": "KZ",     "coord": {       "lon": 51.98333,       "lat": 51.200001     }   },
  {     "id": 1526041,     "name": "Atasu",     "country": "KZ",     "coord": {       "lon": 71.643333,       "lat": 48.681389     }   },
  {     "id": 1523998,     "name": "Imeni Karla Marksa",     "country": "KZ",     "coord": {       "lon": 65.616669,       "lat": 54.333328     }   },
  {     "id": 610091,     "name": "Chingirlau",     "country": "KZ",     "coord": {       "lon": 54.08139,       "lat": 51.095001     }   },
  {     "id": 608271,     "name": "Shubarkuduk",     "country": "KZ",     "coord": {       "lon": 56.487221,       "lat": 49.144718     }   },
  {     "id": 1521079,     "name": "Matay",     "country": "KZ",     "coord": {       "lon": 78.718063,       "lat": 45.895     }   },
  {     "id": 1526325,     "name": "Amanqaraghay",     "country": "KZ",     "coord": {       "lon": 64.091942,       "lat": 52.402779     }   },
  {     "id": 609454,     "name": "Kaztalovka",     "country": "KZ",     "coord": {       "lon": 48.695,       "lat": 49.7575     }   },
  {     "id": 1520601,     "name": "Novokubanka",     "country": "KZ",     "coord": {       "lon": 70.730827,       "lat": 51.672218     }   },
  {     "id": 1517836,     "name": "Üsharal",     "country": "KZ",     "coord": {       "lon": 80.939438,       "lat": 46.16972     }   },
  {     "id": 1524243,     "name": "Georgiyevka",     "country": "KZ",     "coord": {       "lon": 74.711388,       "lat": 43.036942     }   },
  {     "id": 1539930,     "name": "Bayserke",     "country": "KZ",     "coord": {       "lon": 77.046669,       "lat": 43.48056     }   },
  {     "id": 1516828,     "name": "Zhanatan",     "country": "KZ",     "coord": {       "lon": 77.616669,       "lat": 51.533329     }   },
  {     "id": 609348,     "name": "Kökterek",     "country": "KZ",     "coord": {       "lon": 49.235001,       "lat": 49.396938     }   },
  {     "id": 1522545,     "name": "Kokaral",     "country": "KZ",     "coord": {       "lon": 60.73333,       "lat": 46.25     }   },
  {     "id": 1518071,     "name": "Topar",     "country": "KZ",     "coord": {       "lon": 72.818329,       "lat": 49.508331     }   },
  {     "id": 1518511,     "name": "Talshyq",     "country": "KZ",     "coord": {       "lon": 71.87722,       "lat": 53.637218     }   },
  {     "id": 1520051,     "name": "Presnovka",     "country": "KZ",     "coord": {       "lon": 67.150002,       "lat": 54.666672     }   },
  {     "id": 1523843,     "name": "Timiryazevo",     "country": "KZ",     "coord": {       "lon": 76.97583,       "lat": 53.07111     }   },
  {     "id": 1526229,     "name": "Arasan",     "country": "KZ",     "coord": {       "lon": 79.355003,       "lat": 45.278061     }   },
  {     "id": 1524871,     "name": "Shayan",     "country": "KZ",     "coord": {       "lon": 69.37722,       "lat": 43.02972     }   },
  {     "id": 1518881,     "name": "Sharbulak",     "country": "KZ",     "coord": {       "lon": 69.48333,       "lat": 41.76667     }   },
  {     "id": 1519293,     "name": "Chemolgan",     "country": "KZ",     "coord": {       "lon": 76.529167,       "lat": 43.18972     }   },
  {     "id": 1519516,     "name": "Sastobe",     "country": "KZ",     "coord": {       "lon": 70,       "lat": 42.549999     }   },
  {     "id": 1521351,     "name": "Qazyqurt",     "country": "KZ",     "coord": {       "lon": 69.386391,       "lat": 41.758888     }   },
  {     "id": 1525988,     "name": "Ayagoz",     "country": "KZ",     "coord": {       "lon": 80.439171,       "lat": 47.97139     }   },
  {     "id": 1521762,     "name": "Kurchum",     "country": "KZ",     "coord": {       "lon": 83.654167,       "lat": 48.57222     }   },
  {     "id": 1519691,     "name": "Sarkand",     "country": "KZ",     "coord": {       "lon": 79.91861,       "lat": 45.41     }   },
  {     "id": 1526169,     "name": "Arys",     "country": "KZ",     "coord": {       "lon": 68.400002,       "lat": 42.76667     }   },
  {     "id": 1519439,     "name": "Sekisovka",     "country": "KZ",     "coord": {       "lon": 82.583328,       "lat": 50.333328     }   },
  {     "id": 609977,     "name": "Dzhambeyty",     "country": "KZ",     "coord": {       "lon": 52.595001,       "lat": 50.253609     }   },
  {     "id": 1523400,     "name": "Qaraghandy",     "country": "KZ",     "coord": {       "lon": 71.051392,       "lat": 54.666672     }   },
  {     "id": 1518936,     "name": "Smirnovo",     "country": "KZ",     "coord": {       "lon": 69.422218,       "lat": 54.512501     }   },
  {     "id": 1522035,     "name": "Taiynsha",     "country": "KZ",     "coord": {       "lon": 69.763893,       "lat": 53.847778     }   },
  {     "id": 1519273,     "name": "Sharapkhana",     "country": "KZ",     "coord": {       "lon": 69.434441,       "lat": 41.875832     }   },
  {     "id": 1521835,     "name": "Qumkent",     "country": "KZ",     "coord": {       "lon": 69.616386,       "lat": 43.775002     }   },
  {     "id": 1525850,     "name": "Bakanas",     "country": "KZ",     "coord": {       "lon": 76.277222,       "lat": 44.80806     }   },
  {     "id": 1522818,     "name": "Kegen",     "country": "KZ",     "coord": {       "lon": 79.220284,       "lat": 43.019718     }   },
  {     "id": 1520879,     "name": "Molodezhnoe",     "country": "KZ",     "coord": {       "lon": 69.885002,       "lat": 53.228329     }   },
  {     "id": 1524696,     "name": "Chundzha",     "country": "KZ",     "coord": {       "lon": 79.470284,       "lat": 43.541672     }   },
  {     "id": 1520599,     "name": "Novomarkovka",     "country": "KZ",     "coord": {       "lon": 72.301666,       "lat": 51.71722     }   },
  {     "id": 1522955,     "name": "Kaskabulak",     "country": "KZ",     "coord": {       "lon": 70.349998,       "lat": 43.116669     }   },
  {     "id": 1539946,     "name": "Zhetygen",     "country": "KZ",     "coord": {       "lon": 77.128059,       "lat": 43.691391     }   },
  {     "id": 1523014,     "name": "Kargaly",     "country": "KZ",     "coord": {       "lon": 80.48333,       "lat": 45.616669     }   },
  {     "id": 608739,     "name": "Bestau",     "country": "KZ",     "coord": {       "lon": 53.053059,       "lat": 51.271671     }   },
  {     "id": 608778,     "name": "Munayshy",     "country": "KZ",     "coord": {       "lon": 52.108608,       "lat": 43.491112     }   },
  {     "id": 1517310,     "name": "Yasnaya Polyana",     "country": "KZ",     "coord": {       "lon": 70.283333,       "lat": 53.950001     }   },
  {     "id": 1517443,     "name": "Vīshnevka",     "country": "KZ",     "coord": {       "lon": 72.178329,       "lat": 50.83778     }   },
  {     "id": 610612,     "name": "Aktau",     "country": "KZ",     "coord": {       "lon": 51.200001,       "lat": 43.650002     }   },
  {     "id": 609440,     "name": "Kenkiyak",     "country": "KZ",     "coord": {       "lon": 57.121941,       "lat": 48.603329     }   },
  {     "id": 1519167,     "name": "Shilikti",     "country": "KZ",     "coord": {       "lon": 74.646942,       "lat": 52.870831     }   },
  {     "id": 1523232,     "name": "Karaozek",     "country": "KZ",     "coord": {       "lon": 70.349998,       "lat": 52.633331     }   },
  {     "id": 1522809,     "name": "Kellerovka",     "country": "KZ",     "coord": {       "lon": 69.292221,       "lat": 53.83889     }   },
  {     "id": 1519455,     "name": "Sayram",     "country": "KZ",     "coord": {       "lon": 69.770279,       "lat": 42.301941     }   },
  {     "id": 1524809,     "name": "Chervonnoye",     "country": "KZ",     "coord": {       "lon": 66.723061,       "lat": 53.2775     }   },
  {     "id": 1522565,     "name": "Köbensay",     "country": "KZ",     "coord": {       "lon": 72.777779,       "lat": 53.74667     }   },
  {     "id": 1518679,     "name": "Sozaq",     "country": "KZ",     "coord": {       "lon": 68.472221,       "lat": 44.14222     }   },
  {     "id": 1519849,     "name": "Rozovka",     "country": "KZ",     "coord": {       "lon": 77.433327,       "lat": 52.599998     }   },
  {     "id": 1521374,     "name": "Lenīngradskoe",     "country": "KZ",     "coord": {       "lon": 71.550003,       "lat": 53.534721     }   },
  {     "id": 1518945,     "name": "Myrzakent",     "country": "KZ",     "coord": {       "lon": 68.533333,       "lat": 40.666672     }   },
  {     "id": 1516595,     "name": "Zhetysay",     "country": "KZ",     "coord": {       "lon": 68.300003,       "lat": 40.73333     }   },
  {     "id": 1520627,     "name": "Novodolinskiy",     "country": "KZ",     "coord": {       "lon": 72.70472,       "lat": 49.705002     }   },
  {     "id": 1521330,     "name": "Lepsi",     "country": "KZ",     "coord": {       "lon": 80.608612,       "lat": 45.52417     }   },
  {     "id": 1521038,     "name": "Maykol’",     "country": "KZ",     "coord": {       "lon": 63.33667,       "lat": 53.278061     }   },
  {     "id": 1519380,     "name": "Seslavino",     "country": "KZ",     "coord": {       "lon": 70.199997,       "lat": 42.450001     }   },
  {     "id": 1525376,     "name": "Bestobe",     "country": "KZ",     "coord": {       "lon": 73.097504,       "lat": 52.499439     }   },
  {     "id": 1526460,     "name": "Aleksandrovka",     "country": "KZ",     "coord": {       "lon": 69.853333,       "lat": 53.103062     }   },
  {     "id": 1537911,     "name": "Almas",     "country": "KZ",     "coord": {       "lon": 69.799171,       "lat": 50.363892     }   },
  {     "id": 608566,     "name": "Pugachëvo",     "country": "KZ",     "coord": {       "lon": 52.9025,       "lat": 51.203609     }   },
  {     "id": 610416,     "name": "Batamshinskiy",     "country": "KZ",     "coord": {       "lon": 58.274719,       "lat": 50.559441     }   },
  {     "id": 1519725,     "name": "Sorang",     "country": "KZ",     "coord": {       "lon": 72.850563,       "lat": 49.779999     }   },
  {     "id": 608575,     "name": "Prirechnoye",     "country": "KZ",     "coord": {       "lon": 52.42083,       "lat": 51.064171     }   },
  {     "id": 1519275,     "name": "Shar",     "country": "KZ",     "coord": {       "lon": 81.04528,       "lat": 49.588612     }   },
  {     "id": 1523563,     "name": "Kamkaly",     "country": "KZ",     "coord": {       "lon": 70.160828,       "lat": 44.84639     }   },
  {     "id": 610100,     "name": "Chesnokovo",     "country": "KZ",     "coord": {       "lon": 52.17556,       "lat": 51.655281     }   },
  {     "id": 1517563,     "name": "Uzunagach",     "country": "KZ",     "coord": {       "lon": 76.308609,       "lat": 43.221668     }   },
  {     "id": 1517733,     "name": "Ungurtas",     "country": "KZ",     "coord": {       "lon": 76.024719,       "lat": 43.274441     }   },
  {     "id": 1518304,     "name": "Tegiszhol",     "country": "KZ",     "coord": {       "lon": 72.75,       "lat": 50.083328     }   },
  {     "id": 1521180,     "name": "Malovodnoye",     "country": "KZ",     "coord": {       "lon": 77.696938,       "lat": 43.51083     }   },
  {     "id": 607681,     "name": "Zhagabulak",     "country": "KZ",     "coord": {       "lon": 57.56028,       "lat": 48.548061     }   },
  {     "id": 1522862,     "name": "Qazaly",     "country": "KZ",     "coord": {       "lon": 62.107498,       "lat": 45.762779     }   },
  {     "id": 1537980,     "name": "Ulken",     "country": "KZ",     "coord": {       "lon": 73.978607,       "lat": 45.211941     }   },
  {     "id": 610743,     "name": "Aqqystaū",     "country": "KZ",     "coord": {       "lon": 51,       "lat": 47.23333     }   },
  {     "id": 1525736,     "name": "Barshatas",     "country": "KZ",     "coord": {       "lon": 78.661392,       "lat": 48.16972     }   },
  {     "id": 1521216,     "name": "Maksut",     "country": "KZ",     "coord": {       "lon": 62.997501,       "lat": 52.158329     }   },
  {     "id": 1538000,     "name": "Kökzhīde",     "country": "KZ",     "coord": {       "lon": 78.818062,       "lat": 46.228329     }   },
  {     "id": 1518333,     "name": "Tavricheskoye",     "country": "KZ",     "coord": {       "lon": 82.056671,       "lat": 50.173611     }   },
  {     "id": 1525462,     "name": "Aksu",     "country": "KZ",     "coord": {       "lon": 69.833328,       "lat": 42.416672     }   },
  {     "id": 1519809,     "name": "Sadchikovka",     "country": "KZ",     "coord": {       "lon": 63.453892,       "lat": 53.010559     }   },
  {     "id": 1518542,     "name": "Taldyqorghan",     "country": "KZ",     "coord": {       "lon": 78.373894,       "lat": 45.01556     }   },
  {     "id": 608506,     "name": "Sambay",     "country": "KZ",     "coord": {       "lon": 57.20694,       "lat": 49.986671     }   },
  {     "id": 610530,     "name": "Atrau",     "country": "KZ",     "coord": {       "lon": 52.700001,       "lat": 46.98333     }   },
  {     "id": 1533289,     "name": "Zhanakurlys",     "country": "KZ",     "coord": {       "lon": 77.130562,       "lat": 53.551392     }   },
  {     "id": 609447,     "name": "Kemer",     "country": "KZ",     "coord": {       "lon": 53.799999,       "lat": 49.816669     }   },
  {     "id": 610768,     "name": "Akkemer",     "country": "KZ",     "coord": {       "lon": 57.34,       "lat": 49.657501     }   },
  {     "id": 1525876,     "name": "Babatay",     "country": "KZ",     "coord": {       "lon": 71.933327,       "lat": 50.966671     }   },
  {     "id": 1525846,     "name": "Baqbaqty",     "country": "KZ",     "coord": {       "lon": 76.659172,       "lat": 44.570831     }   },
  {     "id": 856947,     "name": "Bostandyk",     "country": "KZ",     "coord": {       "lon": 49.691391,       "lat": 49.439999     }   },
  {     "id": 1532612,     "name": "Naydorf",     "country": "KZ",     "coord": {       "lon": 72.26667,       "lat": 54.299999     }   },
  {     "id": 1516673,     "name": "Zhasyl",     "country": "KZ",     "coord": {       "lon": 70.283333,       "lat": 52.799999     }   },
  {     "id": 1522684,     "name": "Qorghas",     "country": "KZ",     "coord": {       "lon": 80.38028,       "lat": 44.224998     }   },
  {     "id": 1516593,     "name": "Zhezdi",     "country": "KZ",     "coord": {       "lon": 67.053886,       "lat": 48.064442     }   },
  {     "id": 1521677,     "name": "Qushoqy",     "country": "KZ",     "coord": {       "lon": 73.402496,       "lat": 50.233891     }   },
  {     "id": 1526333,     "name": "Amangel’dy",     "country": "KZ",     "coord": {       "lon": 63.599998,       "lat": 53.183331     }   },
  {     "id": 608550,     "name": "Rakusha",     "country": "KZ",     "coord": {       "lon": 51.76667,       "lat": 47.116669     }   },
  {     "id": 608398,     "name": "Segendy",     "country": "KZ",     "coord": {       "lon": 51.01667,       "lat": 43.849998     }   },
  {     "id": 1517081,     "name": "Zarya",     "country": "KZ",     "coord": {       "lon": 77.050003,       "lat": 52.133331     }   },
  {     "id": 1519318,     "name": "Shalakaryk",     "country": "KZ",     "coord": {       "lon": 65.633331,       "lat": 44.700001     }   },
  {     "id": 1518403,     "name": "Tasmola",     "country": "KZ",     "coord": {       "lon": 73.333328,       "lat": 49.700001     }   },
  {     "id": 1523987,     "name": "Imeni Kirova",     "country": "KZ",     "coord": {       "lon": 69.466667,       "lat": 42.349998     }   },
  {     "id": 1526797,     "name": "Akkol",     "country": "KZ",     "coord": {       "lon": 69.601112,       "lat": 53.2925     }   },
  {     "id": 1525295,     "name": "Bishkul",     "country": "KZ",     "coord": {       "lon": 69.103333,       "lat": 54.780281     }   },
  {     "id": 1539219,     "name": "Prigorodnyy",     "country": "KZ",     "coord": {       "lon": 71.443329,       "lat": 51.04583     }   },
  {     "id": 1524192,     "name": "Krasnoye Pole",     "country": "KZ",     "coord": {       "lon": 77.052498,       "lat": 43.347778     }   },
  {     "id": 607510,     "name": "Zhumysker",     "country": "KZ",     "coord": {       "lon": 49.400002,       "lat": 49.333328     }   },
  {     "id": 607551,     "name": "Zhetibay",     "country": "KZ",     "coord": {       "lon": 52.078892,       "lat": 43.59417     }   },
  {     "id": 608036,     "name": "Temir",     "country": "KZ",     "coord": {       "lon": 57.130001,       "lat": 49.141392     }   },
  {     "id": 608053,     "name": "Taushyq",     "country": "KZ",     "coord": {       "lon": 51.353611,       "lat": 44.35667     }   },
  {     "id": 608270,     "name": "Shubarshi",     "country": "KZ",     "coord": {       "lon": 57.186939,       "lat": 48.587219     }   },
  {     "id": 608402,     "name": "Sayotesh",     "country": "KZ",     "coord": {       "lon": 53.536388,       "lat": 44.32972     }   },
  {     "id": 608413,     "name": "Saykhin",     "country": "KZ",     "coord": {       "lon": 46.833611,       "lat": 48.85611     }   },
  {     "id": 608816,     "name": "Miyaly",     "country": "KZ",     "coord": {       "lon": 53.783611,       "lat": 48.884441     }   },
  {     "id": 608867,     "name": "Martuk",     "country": "KZ",     "coord": {       "lon": 56.505562,       "lat": 50.747501     }   },
  {     "id": 608872,     "name": "Maqat",     "country": "KZ",     "coord": {       "lon": 53.316669,       "lat": 47.650002     }   },
  {     "id": 608901,     "name": "Maloye Ganyushkino",     "country": "KZ",     "coord": {       "lon": 49.26667,       "lat": 46.599998     }   },
  {     "id": 609167,     "name": "Krugloozernoe",     "country": "KZ",     "coord": {       "lon": 51.285278,       "lat": 51.0825     }   },
  {     "id": 609537,     "name": "Qaraton",     "country": "KZ",     "coord": {       "lon": 53.486389,       "lat": 46.43528     }   },
  {     "id": 609721,     "name": "Kamenka",     "country": "KZ",     "coord": {       "lon": 50.316669,       "lat": 51.116669     }   },
  {     "id": 609798,     "name": "Inderbor",     "country": "KZ",     "coord": {       "lon": 51.783329,       "lat": 48.549999     }   },
  {     "id": 609965,     "name": "Dzhangala",     "country": "KZ",     "coord": {       "lon": 50.333328,       "lat": 49.216671     }   },
  {     "id": 610023,     "name": "Dossor",     "country": "KZ",     "coord": {       "lon": 52.98111,       "lat": 47.527222     }   },
  {     "id": 610132,     "name": "Chapaev",     "country": "KZ",     "coord": {       "lon": 51.166672,       "lat": 50.200001     }   },
  {     "id": 610164,     "name": "Burlin",     "country": "KZ",     "coord": {       "lon": 52.712502,       "lat": 51.426941     }   },
  {     "id": 610389,     "name": "Bayshonas",     "country": "KZ",     "coord": {       "lon": 52.941109,       "lat": 47.24139     }   },
  {     "id": 610398,     "name": "Bautino",     "country": "KZ",     "coord": {       "lon": 50.249901,       "lat": 44.54512     }   },
  {     "id": 610764,     "name": "Akkol",     "country": "KZ",     "coord": {       "lon": 53.200001,       "lat": 48.783329     }   },
  {     "id": 828390,     "name": "Omirzaq",     "country": "KZ",     "coord": {       "lon": 51.255001,       "lat": 43.59639     }   },
  {     "id": 1516590,     "name": "Zhezkent",     "country": "KZ",     "coord": {       "lon": 81.361504,       "lat": 50.931122     }   },
  {     "id": 1516678,     "name": "Saken Seyfullin",     "country": "KZ",     "coord": {       "lon": 72.82972,       "lat": 48.851669     }   },
  {     "id": 1516984,     "name": "Zhalghyztobe",     "country": "KZ",     "coord": {       "lon": 81.215958,       "lat": 49.210941     }   },
  {     "id": 1517020,     "name": "Zhaqsy",     "country": "KZ",     "coord": {       "lon": 67.313332,       "lat": 51.908329     }   },
  {     "id": 1517305,     "name": "Yavlenka",     "country": "KZ",     "coord": {       "lon": 68.457497,       "lat": 54.346111     }   },
  {     "id": 1517410,     "name": "Saumalkol",     "country": "KZ",     "coord": {       "lon": 68.104172,       "lat": 53.293331     }   },
  {     "id": 1517474,     "name": "Verkhniye Kayrakty",     "country": "KZ",     "coord": {       "lon": 73.283333,       "lat": 48.683331     }   },
  {     "id": 1517610,     "name": "Ust-Talovka",     "country": "KZ",     "coord": {       "lon": 81.849968,       "lat": 50.549271     }   },
  {     "id": 1517721,     "name": "Urzhar",     "country": "KZ",     "coord": {       "lon": 81.629387,       "lat": 47.093021     }   },
  {     "id": 1517957,     "name": "Turgen",     "country": "KZ",     "coord": {       "lon": 77.59333,       "lat": 43.400558     }   },
  {     "id": 1518009,     "name": "Timiryazevo",     "country": "KZ",     "coord": {       "lon": 66.520561,       "lat": 53.74194     }   },
  {     "id": 1518019,     "name": "Troyebratskiy",     "country": "KZ",     "coord": {       "lon": 66.076668,       "lat": 54.432499     }   },
  {     "id": 1518062,     "name": "Torghay",     "country": "KZ",     "coord": {       "lon": 63.498058,       "lat": 49.633888     }   },
  {     "id": 1518112,     "name": "Tokarevka",     "country": "KZ",     "coord": {       "lon": 73.165558,       "lat": 50.119171     }   },
  {     "id": 1518203,     "name": "Terenozek",     "country": "KZ",     "coord": {       "lon": 64.98333,       "lat": 45.049999     }   },
  {     "id": 1518462,     "name": "Taranovskoye",     "country": "KZ",     "coord": {       "lon": 62.516392,       "lat": 52.822781     }   },
  {     "id": 1518687,     "name": "Suykbulak",     "country": "KZ",     "coord": {       "lon": 81.048477,       "lat": 49.708149     }   },
  {     "id": 1518768,     "name": "Stepnyak",     "country": "KZ",     "coord": {       "lon": 70.780281,       "lat": 52.833889     }   },
  {     "id": 1519050,     "name": "Shortandy",     "country": "KZ",     "coord": {       "lon": 70.999443,       "lat": 51.700562     }   },
  {     "id": 1519277,     "name": "Shantobe",     "country": "KZ",     "coord": {       "lon": 68.183891,       "lat": 52.458061     }   },
  {     "id": 1519333,     "name": "Shakhan",     "country": "KZ",     "coord": {       "lon": 72.634171,       "lat": 49.82333     }   },
  {     "id": 1519385,     "name": "Sergeyevka",     "country": "KZ",     "coord": {       "lon": 67.415833,       "lat": 53.880001     }   },
  {     "id": 1519463,     "name": "Sayaq",     "country": "KZ",     "coord": {       "lon": 77.26667,       "lat": 47     }   },
  {     "id": 1519625,     "name": "Sarykamys",     "country": "KZ",     "coord": {       "lon": 78.716667,       "lat": 47.783329     }   },
  {     "id": 1519932,     "name": "Kachar",     "country": "KZ",     "coord": {       "lon": 62.929722,       "lat": 53.39056     }   },
  {     "id": 1519936,     "name": "Qarauyl",     "country": "KZ",     "coord": {       "lon": 79.25502,       "lat": 48.945091     }   },
  {     "id": 1520025,     "name": "Tughyl",     "country": "KZ",     "coord": {       "lon": 84.206291,       "lat": 47.725208     }   },
  {     "id": 1520196,     "name": "Pervorosiyskiy",     "country": "KZ",     "coord": {       "lon": 83.849197,       "lat": 49.716499     }   },
  {     "id": 1520208,     "name": "Pervomayskiy",     "country": "KZ",     "coord": {       "lon": 76.940002,       "lat": 43.373611     }   },
  {     "id": 1520281,     "name": "Oytal",     "country": "KZ",     "coord": {       "lon": 73.269722,       "lat": 42.905731     }   },
  {     "id": 1520474,     "name": "Ognevka",     "country": "KZ",     "coord": {       "lon": 83.016739,       "lat": 49.683521     }   },
  {     "id": 1520660,     "name": "Zhanga Buqtyrma",     "country": "KZ",     "coord": {       "lon": 83.52475,       "lat": 49.629501     }   },
  {     "id": 1521048,     "name": "Mayqayyng",     "country": "KZ",     "coord": {       "lon": 75.798607,       "lat": 51.462502     }   },
  {     "id": 1521292,     "name": "Kulan",     "country": "KZ",     "coord": {       "lon": 72.717789,       "lat": 42.909431     }   },
  {     "id": 1521293,     "name": "Lugovoy",     "country": "KZ",     "coord": {       "lon": 72.764442,       "lat": 42.94722     }   },
  {     "id": 1521333,     "name": "Lepsy",     "country": "KZ",     "coord": {       "lon": 78.945557,       "lat": 46.235001     }   },
  {     "id": 1521365,     "name": "Leninskiy",     "country": "KZ",     "coord": {       "lon": 76.780563,       "lat": 52.250278     }   },
  {     "id": 1521401,     "name": "Kishkenekol",     "country": "KZ",     "coord": {       "lon": 72.341393,       "lat": 53.636391     }   },
  {     "id": 1521425,     "name": "Kyzylzhar",     "country": "KZ",     "coord": {       "lon": 72.583328,       "lat": 49.98333     }   },
  {     "id": 1521998,     "name": "Krasnoznamenskoe",     "country": "KZ",     "coord": {       "lon": 69.474167,       "lat": 51.053059     }   },
  {     "id": 1522026,     "name": "Krasnogorskiy",     "country": "KZ",     "coord": {       "lon": 66.57444,       "lat": 52.240559     }   },
  {     "id": 1522348,     "name": "Komsomolets",     "country": "KZ",     "coord": {       "lon": 62.070831,       "lat": 53.745281     }   },
  {     "id": 1522447,     "name": "Kokterek",     "country": "KZ",     "coord": {       "lon": 70.26667,       "lat": 42.533329     }   },
  {     "id": 1522466,     "name": "Koktal",     "country": "KZ",     "coord": {       "lon": 73.51667,       "lat": 49.650002     }   },
  {     "id": 1522503,     "name": "Kokpekty",     "country": "KZ",     "coord": {       "lon": 82.400002,       "lat": 48.75     }   },
  {     "id": 1522643,     "name": "Asykata",     "country": "KZ",     "coord": {       "lon": 68.361107,       "lat": 40.899441     }   },
  {     "id": 1522714,     "name": "Khantau",     "country": "KZ",     "coord": {       "lon": 73.800003,       "lat": 44.230831     }   },
  {     "id": 1523149,     "name": "Karasu",     "country": "KZ",     "coord": {       "lon": 65.491112,       "lat": 52.672501     }   },
  {     "id": 1523470,     "name": "Karabas",     "country": "KZ",     "coord": {       "lon": 76.199997,       "lat": 46.533329     }   },
  {     "id": 1523512,     "name": "Khantaghy",     "country": "KZ",     "coord": {       "lon": 68.577499,       "lat": 43.52639     }   },
  {     "id": 1523662,     "name": "Kachiry",     "country": "KZ",     "coord": {       "lon": 76.103607,       "lat": 53.067501     }   },
  {     "id": 1524138,     "name": "Ilyich",     "country": "KZ",     "coord": {       "lon": 68.506668,       "lat": 40.84639     }   },
  {     "id": 1524182,     "name": "Granitogorsk",     "country": "KZ",     "coord": {       "lon": 73.469063,       "lat": 42.74337     }   },
  {     "id": 1524265,     "name": "Moyynkum",     "country": "KZ",     "coord": {       "lon": 72.946938,       "lat": 44.291389     }   },
  {     "id": 1524282,     "name": "Fedorovka",     "country": "KZ",     "coord": {       "lon": 62.707779,       "lat": 53.63139     }   },
  {     "id": 1524451,     "name": "Zhambyl",     "country": "KZ",     "coord": {       "lon": 71.396942,       "lat": 47.20694     }   },
  {     "id": 1524537,     "name": "Dostyq",     "country": "KZ",     "coord": {       "lon": 82.487831,       "lat": 45.255001     }   },
  {     "id": 1524571,     "name": "Dolinka",     "country": "KZ",     "coord": {       "lon": 72.676109,       "lat": 49.674171     }   },
  {     "id": 1524703,     "name": "Sholaqqkorghan",     "country": "KZ",     "coord": {       "lon": 69.181389,       "lat": 43.764999     }   },
  {     "id": 1525121,     "name": "Borovskoy",     "country": "KZ",     "coord": {       "lon": 64.150002,       "lat": 53.799999     }   },
  {     "id": 1525126,     "name": "Burabay",     "country": "KZ",     "coord": {       "lon": 70.313789,       "lat": 53.08382     }   },
  {     "id": 1525134,     "name": "Borodulikha",     "country": "KZ",     "coord": {       "lon": 80.929497,       "lat": 50.71841     }   },
  {     "id": 1525223,     "name": "Priisk Boko",     "country": "KZ",     "coord": {       "lon": 81.645279,       "lat": 49.06028     }   },
  {     "id": 1525504,     "name": "Koktobe",     "country": "KZ",     "coord": {       "lon": 77.47139,       "lat": 51.52972     }   },
  {     "id": 1525506,     "name": "Belogorskiy",     "country": "KZ",     "coord": {       "lon": 83.148033,       "lat": 49.476978     }   },
  {     "id": 1525576,     "name": "Bayzhansay",     "country": "KZ",     "coord": {       "lon": 69.937218,       "lat": 43.18     }   },
  {     "id": 1525658,     "name": "Bayaldyr",     "country": "KZ",     "coord": {       "lon": 68.316673,       "lat": 42.833328     }   },
  {     "id": 1525809,     "name": "Balkashino",     "country": "KZ",     "coord": {       "lon": 68.76667,       "lat": 52.51667     }   },
  {     "id": 1526059,     "name": "Astrakhan",     "country": "KZ",     "coord": {       "lon": 69.797218,       "lat": 51.528332     }   },
  {     "id": 1526081,     "name": "Ashchysay",     "country": "KZ",     "coord": {       "lon": 68.888893,       "lat": 43.554169     }   },
  {     "id": 1526268,     "name": "Aqtoghay",     "country": "KZ",     "coord": {       "lon": 79.666672,       "lat": 46.950001     }   },
  {     "id": 1526271,     "name": "Aqsu",     "country": "KZ",     "coord": {       "lon": 71.985832,       "lat": 52.458611     }   },
  {     "id": 1526272,     "name": "Aqshatau",     "country": "KZ",     "coord": {       "lon": 74.057503,       "lat": 47.98917     }   },
  {     "id": 1526274,     "name": "Aqadyr",     "country": "KZ",     "coord": {       "lon": 72.848328,       "lat": 48.25528     }   },
  {     "id": 1526443,     "name": "Aqkol",     "country": "KZ",     "coord": {       "lon": 70.934174,       "lat": 51.99778     }   },
  {     "id": 1526522,     "name": "Akzhal",     "country": "KZ",     "coord": {       "lon": 75.584381,       "lat": 49.69244     }   },
  {     "id": 1526573,     "name": "Aktogay",     "country": "KZ",     "coord": {       "lon": 75.300003,       "lat": 48.166672     }   },
  {     "id": 1526601,     "name": "Aktau",     "country": "KZ",     "coord": {       "lon": 72.833328,       "lat": 48.033329     }   },
  {     "id": 1526636,     "name": "Aqsu-Ayuly",     "country": "KZ",     "coord": {       "lon": 73.672218,       "lat": 48.766392     }   },
  {     "id": 1526648,     "name": "Aksuat",     "country": "KZ",     "coord": {       "lon": 83.699997,       "lat": 48.716671     }   },
  {     "id": 1526900,     "name": "Aqbaqay",     "country": "KZ",     "coord": {       "lon": 72.783333,       "lat": 45     }   },
  {     "id": 1529724,     "name": "Shalqiya",     "country": "KZ",     "coord": {       "lon": 67.332222,       "lat": 43.979439     }   },
  {     "id": 1532249,     "name": "Birlestik",     "country": "KZ",     "coord": {       "lon": 68.354172,       "lat": 53.582779     }   },
  {     "id": 1534565,     "name": "Maleevsk",     "country": "KZ",     "coord": {       "lon": 84.286987,       "lat": 49.811779     }   },
  {     "id": 1535059,     "name": "Belkol",     "country": "KZ",     "coord": {       "lon": 65.587502,       "lat": 44.81028     }   },
  {     "id": 1535379,     "name": "Novoishimskiy",     "country": "KZ",     "coord": {       "lon": 66.76944,       "lat": 53.198059     }   },
  {     "id": 1537253,     "name": "Shashubay",     "country": "KZ",     "coord": {       "lon": 75.040283,       "lat": 46.81694     }   },
  {     "id": 1537856,     "name": "Shyghanaq",     "country": "KZ",     "coord": {       "lon": 70.001938,       "lat": 44.830559     }   },
  {     "id": 1537909,     "name": "Shubarkol",     "country": "KZ",     "coord": {       "lon": 68.80722,       "lat": 48.882221     }   },
  {     "id": 1537947,     "name": "Zavodskoy",     "country": "KZ",     "coord": {       "lon": 72.01889,       "lat": 52.477501     }   },
  {     "id": 1538012,     "name": "Altay",     "country": "KZ",     "coord": {       "lon": 82.360977,       "lat": 50.244888     }   }

]